Workbook

Sheet READ.ME
A1: File | B1: Purpose | C1: Granularity | D1: Key columns
A2: feed_intake_raw.csv | B2: Cleaned feed-intake observations after unit harmonisation. | C2: One row per study × diet (only “Entire Diet” rows). | D2: B.Code, A.Level.Name, feed_intake_value (kg DM day⁻¹), bw_kg, adg_g_day, milk_kg_day, plus all *_nutrition and *_digest variables
A3: feed_intake_summary.csv | B3: High-level snapshot of performance metrics. | C3: One row per Species × P.Practice. | D3: Species, P.Practice, n_obs, mean ± SD for FI, BW, ADG, Milk
A4: variable_coverage_summary.csv | B4: Completeness audit. | C4: One row per variable. | D4: Variable, Coverage_% (0-100 %)
A5: feed_intake_raw_variables | B5: metadata of feed_intake_raw
A6: feed_intake_summary_variables | B6: metdata of feed_intake_summary

Sheet feed_intake_summary_variables
A1: Column | B1: What it represents (unit/notes)
A2: Species | B2: Animal species (e.g., cattle, goat, camel) that the diets belong to.
A3: P.Practice | B3: Breed categorization (imporved, unimproved)
A4: n_obs | B4: Number of diet records (A.Level.Name) that contribute to the summary for this Species × Practice combination.
A5: feed_intake_mean | B5: Mean daily feed (dry-matter) intake per animal, kg DM day⁻¹.
A6: feed_intake_sd | B6: Sample standard deviation (SD) of daily feed-intake for those diets, same unit as the mean.
A7: bw_kg_mean | B7: Mean starting body-weight, kg.
A8: bw_kg_sd | B8: SD of starting body-weight, kg.
A9: adg_g_day_mean | B9: Mean average daily gain (growth rate), g day⁻¹.
A10: adg_g_day_sd | B10: SD of average daily gain, g day⁻¹.
A11: milk_kg_day_mean | B11: Mean milk yield, kg day⁻¹ (NA or blank for non-lactating classes).
A12: milk_kg_day_sd | B12: SD of milk yield, kg day⁻¹ (NA if milk not recorded).

Sheet feed_intake_raw_variables
A1: Column | B1: What it represents (unit/notes)
A2: B.Code | B2: Unique study or “batch” identifier in the Digital Atlas database
A3: A.Level.Name | B3: Diet or treatment level within the study (often identical to D.Item)
A4: feed_intake_unit | B4: Unit string for feed-intake values (always kg DM day⁻¹ after harmonisation)
A5: feed_intake_value | B5: Daily dry-matter intake per animal
A6: feed_intake_error | B6: Reported error term (SD or SE, depending on study)
A7: bw_kg | B7: Mean starting body-weight (kg)
A8: adg_g_day | B8: Average daily gain (g day⁻¹)
A9: milk_kg_day | B9: Milk yield (kg day⁻¹) if recorded (NA for growing animals)
A10: T.Animals | B10: Number of animals in the treatment group
A11: Species | B11: Animal species (cow, goat, camel, …)
A12: Variety | B12: Breed, genetic line or cultivar (if provided)
... A81: NE_digest | B81: Net energy from digestibility (if present)

Sheet feed_intake_raw
A1: B.Code | B1: A.Level.Name | C1: feed_intake_unit | D1: feed_intake_value | E1: feed_intake_error | F1: bw_kg | G1: adg_kg_day | H1: milk_kg_day | I1: Sample.size | J1: Species | K1: Breed | L1: Breed.type.cattle | M1: Breed.type.sheep | N1: Breed.type.goat | O1: P.Practice | P1: Stage | Q1: Stage.harmonized | R1: production.system | S1: ADF_nutrition | T1: Ash_nutrition | U1: CP_nutrition | V1: DM_nutrition | W1: EE_nutrition | X1: NDF_nutrition | Y1: NDF_digest | Z1: ADL_nutrition | AA1: DM_digest | AB1: OM_digest | AC1: Feed.consumed.while.grazing? | AD1: marker.method | AE1: excluded
A2: AG0051 | B2: NG | C2: kg/day | D2: 8.3 | E2: NA | F2: NA | G2: NA | H2: 5.4 | I2: 10 | J2: Cattle | K2: Ankole Longhorn***Holstein Friesian | L2: =IF(OR(J2="Cattle",J2="Zebu Cattle"),IF(COUNTIF(lists!$M$2:$M$258, K2) > 0,"bos.indicus",IF(COUNTIF(lists!$L$2:$L$258, K2) > 0,"cross.bred","pure.bred.exotic")),"NA") -> cross.bred | O2: Hybridization or Cross Breeding | P2: NA | Q2: lactating.adult.female | R2: semi.intensive | S2: 372.6 | T2: 138.3 | U2: 124.5 | V2: 156.6 | W2: NA | X2: 386.3 | Y2: NA | Z2: NA | AA2: NA | AB2: NA | AC2: no | AD2: yes
A3: AG0051 | B3: NGD | C3: kg/day | D3: 8.2 | E3: NA | F3: NA | G3: NA | H3: 7.1 | I3: 10 | J3: Cattle | K3: Ankole Longhorn***Holstein Friesian | L3: =IF(OR(J3="Cattle",J3="Zebu Cattle"),IF(COUNTIF(lists!$M$2:$M$258, K3) > 0,"bos.indicus",IF(COUNTIF(lists!$L$2:$L$258, K3) > 0,"cross.bred","pure.bred.exotic")),"NA") -> cross.bred | O3: Hybridization or Cross Breeding | P3: NA | Q3: lactating.adult.female | R3: semi.intensive | S3: 300 | T3: 137.6 | U3: 153.1 | V3: 196.1 | W3: NA | X3: 431 | Y3: NA | Z3: NA | AA3: NA | AB3: NA | AC3: no | AD3: yes
A4: AG0051 | B4: PG | C4: kg/day | D4: 9.1 | E4: NA | F4: NA | G4: NA | H4: 8.1 | I4: 10 | J4: Cattle | K4: Ankole Longhorn***Holstein Friesian | L4: =IF(OR(J4="Cattle",J4="Zebu Cattle"),IF(COUNTIF(lists!$M$2:$M$258, K4) > 0,"bos.indicus",IF(COUNTIF(lists!$L$2:$L$258, K4) > 0,"cross.bred","pure.bred.exotic")),"NA") -> cross.bred | O4: Hybridization or Cross Breeding | P4: NA | Q4: lactating.adult.female | R4: semi.intensive | S4: 323.8 | T4: 117.7 | U4: 157.9 | V4: 238.5 | W4: NA | X4: 329.3 | Y4: NA | Z4: NA | AA4: NA | AB4: NA | AC4: no | AD4: yes
A5: AG0051 | B5: PGD | C5: kg/day | D5: 9.2 | E5: NA | F5: NA | G5: NA | H5: 9 | I5: 10 | J5: Cattle | K5: Ankole Longhorn***Holstein Friesian | L5: =IF(OR(J5="Cattle",J5="Zebu Cattle"),IF(COUNTIF(lists!$M$2:$M$258, K5) > 0,"bos.indicus",IF(COUNTIF(lists!$L$2:$L$258, K5) > 0,"cross.bred","pure.bred.exotic")),"NA") -> cross.bred | O5: Hybridization or Cross Breeding | P5: NA | Q5: lactating.adult.female | R5: semi.intensive | S5: 300.7 | T5: 127.2 | U5: 169.1 | V5: 241.4 | W5: NA | X5: 426.6 | Y5: NA | Z5: NA | AA5: NA | AB5: NA | AC5: no | AD5: yes
A6: BO1012 | B6: DLL0 | C6: kg/day | D6: 0.873 | E6: 11.4 | F6: NA | G6: NA | H6: NA | I6: 6 | J6: Sheep | K6: Unspecified | L6: =IF(OR(J6="Cattle",J6="Zebu Cattle"),IF(COUNTIF(lists!$M$2:$M$258, K6) > 0,"bos.indicus",IF(COUNTIF(lists!$L$2:$L$258, K6) > 0,"cross.bred","pure.bred.exotic")),"NA") -> NA | O6: Unspecified | P6: Yearling Male | Q6: growing.male | R6: intensive | S6: NA | T6: NA | U6: NA | V6: NA | W6: NA | X6: NA | Y6: NA | Z6: NA | AA6: NA | AB6: NA
A7: BO1012 | B7: DLL10 | C7: kg/day | D7: 0.861 | E7: 11.4 | F7: NA | G7: NA | H7: NA | I7: 6 | J7: Sheep | K7: Unspecified | L7: =IF(OR(J7="Cattle",J7="Zebu Cattle"),IF(COUNTIF(lists!$M$2:$M$258, K7) > 0,"bos.indicus",IF(COUNTIF(lists!$L$2:$L$258, K7) > 0,"cross.bred","pure.bred.exotic")),"NA") -> NA | O7: Unspecified | P7: Yearling Male | Q7: growing.male | R7: intensive | S7: NA | T7: NA | U7: NA | V7: NA | W7: NA | X7: NA | Y7: NA | Z7: NA | AA7: NA | AB7: NA
A8: BO1012 | B8: DLL15 | C8: kg/day | D8: 0.856 | E8: 11.4 | F8: NA | G8: NA | H8: NA | I8: 6 | J8: Sheep | K8: Unspecified | L8: =IF(OR(J8="Cattle",J8="Zebu Cattle"),IF(COUNTIF(lists!$M$2:$M$258, K8) > 0,"bos.indicus",IF(COUNTIF(lists!$L$2:$L$258, K8) > 0,"cross.bred","pure.bred.exotic")),"NA") -> NA | O8: Unspecified | P8: Yearling Male | Q8: growing.male | R8: intensive | S8: NA | T8: NA | U8: NA | V8: NA | W8: NA | X8: NA | Y8: NA | Z8: NA | AA8: NA | AB8: NA
A9: BO1012 | B9: DLL20 | C9: kg/day | D9: 0.839 | E9: 11.4 | F9: NA | G9: NA | H9: NA | I9: 6 | J9: Sheep | K9: Unspecified | L9: =IF(OR(J9="Cattle",J9="Zebu Cattle"),IF(COUNTIF(lists!$M$2:$M$258, K9) > 0,"bos.indicus",IF(COUNTIF(lists!$L$2:$L$258, K9) > 0,"cross.bred","pure.bred.exotic")),"NA") -> NA | O9: Unspecified | P9: Yearling Male | Q9: growing.male | R9: intensive | S9: NA | T9: NA | U9: NA | V9: NA | W9: NA | X9: NA | Y9: NA | Z9: NA | AA9: NA | AB9: NA
A10: BO1012 | B10: DLL5 | C10: kg/day | D10: 0.834 | E10: 11.4 | F10: NA | G10: NA | H10: NA | I10: 6 | J10: Sheep | K10: Unspecified | L10: =IF(OR(J10="Cattle",J10="Zebu Cattle"),IF(COUNTIF(lists!$M$2:$M$258, K10) > 0,"bos.indicus",IF(COUNTIF(lists!$L$2:$L$258, K10) > 0,"cross.bred","pure.bred.exotic")),"NA") -> NA | O10: Unspecified | P10: Yearling Male | Q10: growing.male | R10: intensive | S10: NA | T10: NA | U10: NA | V10: NA | W10: NA | X10: NA | Y10: NA | Z10: NA | AA10: NA | AB10: NA
A11: BO1023 | B11: CGS diet | C11: kg/day | D11: 13.43 | E11: 0.029 | F11: 404.71 | G11: NA | H11: 16.66 | I11: 9 | J11: Cattle | K11: Holstien_Friesian | L11: =IF(OR(J11="Cattle",J11="Zebu Cattle"),IF(COUNTIF(lists!$M$2:$M$258, K11) > 0,"bos.indicus",IF(COUNTIF(lists!$L$2:$L$258, K11) > 0,"cross.bred","pure.bred.exotic")),"NA") -> pure.bred.exotic | O11: Improved Breeds | P11: Lactating Female | Q11: lactating.adult.female | R11: intensive | S11: 254.8 | T11: NA | U11: 120.4 | V11: 586.3 | W11: 23.2 | X11: 377.4 | Y11: 65.36 | Z11: NA | AA11: 67.97 | AB11: 70.69 | AC11: no | AD11: yes
A12: BO1023 | B12: HSB diet | C12: kg/day | D12: 13.77 | E12: 0.029 | F12: 404.9 | G12: NA | H12: 17.05 | I12: 9 | J12: Cattle | K12: Holstien_Friesian | L12: =IF(OR(J12="Cattle",J12="Zebu Cattle"),IF(COUNTIF(lists!$M$2:$M$258, K12) > 0,"bos.indicus",IF(COUNTIF(lists!$L$2:$L$258, K12) > 0,"cross.bred","pure.bred.exotic")),"NA") -> pure.bred.exotic | O12: Improved Breeds | P12: Lactating Female | Q12: lactating.adult.female | R12: intensive | S12: 261.8 | T12: NA | U12: 122.7 | V12: 557.9 | W12: 22 | X12: 384.8 | Y12: 69.64 | Z12: NA | AA12: 68.61 | AB12: 72.61 | AC12: no | AD12: yes
A13: BO1023 | B13: LSB diet | C13: kg/day | D13: 13.66 | E13: 0.029 | F13: 405.22 | G13: NA | H13: 18 | I13: 9 | J13: Cattle | K13: Holstien_Friesian | L13: =IF(OR(J13="Cattle",J13="Zebu Cattle"),IF(COUNTIF(lists!$M$2:$M$258, K13) > 0,"bos.indicus",IF(COUNTIF(lists!$L$2:$L$258, K13) > 0,"cross.bred","pure.bred.exotic")),"NA") -> pure.bred.exotic | O13: Improved Breeds | P13: Lactating Female | Q13: lactating.adult.female | R13: intensive | S13: 258.4 | T13: NA | U13: 119.9 | V13: 568.6 | W13: 22.6 | X13: 384.8 | Y13: 67.93 | Z13: NA | AA13: 69.26 | AB13: 73.19 | AC13: no | AD13: yes
A14: BO1028 | B14: UMB + UTTS + concentrate | C14: kg/day | D14: 10.58 | E14: 19.03 | F14: 383.06 | G14: 0.28 | H14: 10.06 | I14: 10 | J14: Cattle | K14: Unspecified Crossbreed | L14: =IF(OR(J14="Cattle",J14="Zebu Cattle"),IF(COUNTIF(lists!$M$2:$M$258, K14) > 0,"bos.indicus",IF(COUNTIF(lists!$L$2:$L$258, K14) > 0,"cross.bred","pure.bred.exotic")),"NA") -> cross.bred | O14: NA | P14: Lactating Female | Q14: lactating.adult.female | R14: semi.intensive | S14: NA | T14: 61.3 | U14: 151.3 | V14: NA | W14: NA | X14: 502.5 | Y14: NA | Z14: NA | AA14: NA | AB14: NA | AC14: no | AD14: no
A15: BO1028 | B15: UTS + concentrate | C15: kg/day | D15: 10.18 | E15: 19.03 | F15: 291.03 | G15: 0.16 | H15: 9.61 | I15: 15 | J15: Cattle | K15: Unspecified Crossbreed | L15: =IF(OR(J15="Cattle",J15="Zebu Cattle"),IF(COUNTIF(lists!$M$2:$M$258, K15) > 0,"bos.indicus",IF(COUNTIF(lists!$L$2:$L$258, K15) > 0,"cross.bred","pure.bred.exotic")),"NA") -> cross.bred | O15: NA | P15: Lactating Female | Q15: lactating.adult.female | R15: semi.intensive | S15: NA | T15: NA | U15: NA | V15: NA | W15: NA | X15: NA | Y15: NA | Z15: NA | AA15: NA | AB15: NA | AC15: no | AD15: no
A16: BO1028 | B16: UTTS + concentrate | C16: kg/day | D16: 10.1 | E16: 19.03 | F16: 286.7 | G16: 0.02 | H16: 8.7 | I16: 15 | J16: Cattle | K16: Unspecified Crossbreed | L16: =IF(OR(J16="Cattle",J16="Zebu Cattle"),IF(COUNTIF(lists!$M$2:$M$258, K16) > 0,"bos.indicus",IF(COUNTIF(lists!$L$2:$L$258, K16) > 0,"cross.bred","pure.bred.exotic")),"NA") -> cross.bred | O16: NA | P16: Lactating Female | Q16: lactating.adult.female | R16: semi.intensive | S16: NA | T16: 70.7 | U16: 118.2 | V16: NA | W16: NA | X16: 552.4 | Y16: NA | Z16: NA | AA16: NA | AB16: NA | AC16: no | AD16: no
A17: BO1033 | B17: Melon seed husk 10 | C17: kg/day | D17: 5.81 | E17: 1.37 | F17: 134.7 | G17: 0.6 | H17: NA | I17: 3 | J17: Cattle | K17: Bunaji | L17: =IF(OR(J17="Cattle",J17="Zebu Cattle"),IF(COUNTIF(lists!$M$2:$M$258, K17) > 0,"bos.indicus",IF(COUNTIF(lists!$L$2:$L$258, K17) > 0,"cross.bred","pure.bred.exotic")),"NA") -> bos.indicus | O17: Unimproved Breed | P17: Bulls | Q17: growing.male | R17: intensive | S17: 331.8 | T17: 126.1 | U17: 179 | V17: 973.6 | W17: 41.9 | X17: 526.6 | Y17: NA | Z17: NA | AA17: NA | AB17: NA | AC17: no | AD17: no
A18: BO1033 | B18: Melon seed husk 20 | C18: kg/day | D18: 5.13 | E18: 1.37 | F18: 134 | G18: 0.69 | H18: NA | I18: 3 | J18: Cattle | K18: Bunaji | L18: =IF(OR(J18="Cattle",J18="Zebu Cattle"),IF(COUNTIF(lists!$M$2:$M$258, K18) > 0,"bos.indicus",IF(COUNTIF(lists!$L$2:$L$258, K18) > 0,"cross.bred","pure.bred.exotic")),"NA") -> bos.indicus | O18: Unimproved Breed | P18: Bulls | Q18: growing.male | R18: intensive | S18: 358.2 | T18: 89.8 | U18: 171.5 | V18: 976.9 | W18: 36.4 | X18: 568.6 | Y18: NA | Z18: NA | AA18: NA | AB18: NA | AC18: no | AD18: no
A19: BO1033 | B19: Melon seed husk 5 | C19: kg/day | D19: 5.03 | E19: 1.37 | F19: 133.7 | G19: 0.62 | H19: NA | I19: 3 | J19: Cattle | K19: Bunaji | L19: =IF(OR(J19="Cattle",J19="Zebu Cattle"),IF(COUNTIF(lists!$M$2:$M$258, K19) > 0,"bos.indicus",IF(COUNTIF(lists!$L$2:$L$258, K19) > 0,"cross.bred","pure.bred.exotic")),"NA") -> bos.indicus | O19: Unimproved Breed | P19: Bulls | Q19: growing.male | R19: intensive | S19: 327.5 | T19: 130.2 | U19: 182.1 | V19: 861 | W19: 46.9 | X19: 519.8 | Y19: NA | Z19: NA | AA19: NA | AB19: NA | AC19: no | AD19: no
A20: BO1033 | B20: Melon seek husk 0 | C20: kg/day | D20: 4.77 | E20: 1.37 | F20: 124.3 | G20: 0.57 | H20: NA | I20: 3 | J20: Cattle | K20: Bunaji | L20: =IF(OR(J20="Cattle",J20="Zebu Cattle"),IF(COUNTIF(lists!$M$2:$M$258, K20) > 0,"bos.indicus",IF(COUNTIF(lists!$L$2:$L$258, K20) > 0,"cross.bred","pure.bred.exotic")),"NA") -> bos.indicus | O20: Unimproved Breed | P20: Bulls | Q20: growing.male | R20: intensive | S20: 314.2 | T20: 139.4 | U20: 184.4 | V20: 875.7 | W20: 50.6 | X20: 498.8 | Y20: NA | Z20: NA | AA20: NA | AB20: NA | AC20: no | AD20: no
A21: BO1038 | B21: 0% treated rice offal | C21: kg/day | D21: 2.72 | E21: 0.45 | F21: 163.7 | G21: 0.23 | H21: NA | I21: 3 | J21: Cattle | K21: Bunaji | L21: =IF(OR(J21="Cattle",J21="Zebu Cattle"),IF(COUNTIF(lists!$M$2:$M$258, K21) > 0,"bos.indicus",IF(COUNTIF(lists!$L$2:$L$258, K21) > 0,"cross.bred","pure.bred.exotic")),"NA") -> bos.indicus | O21: Unimproved Breed | P21: NA | Q21: adult.male | R21: intensive | S21: 253.6 | T21: 118.33 | U21: 104.3 | V21: 952.7 | W21: 38.97 | X21: 563.3 | Y21: NA | Z21: NA | AA21: NA | AB21: NA | AC21: no | AD21: no
A22: BO1038 | B22: 10% treated rice offal | C22: kg/day | D22: 2.58 | E22: 0.45 | F22: 166.7 | G22: 0.29 | H22: NA | I22: 3 | J22: Cattle | K22: Bunaji | L22: =IF(OR(J22="Cattle",J22="Zebu Cattle"),IF(COUNTIF(lists!$M$2:$M$258, K22) > 0,"bos.indicus",IF(COUNTIF(lists!$L$2:$L$258, K22) > 0,"cross.bred","pure.bred.exotic")),"NA") -> bos.indicus | O22: Unimproved Breed | P22: NA | Q22: adult.male | R22: intensive | S22: 220.5 | T22: 118.84 | U22: 121.36 | V22: 951.9 | W22: 33.55 | X22: 561.5 | Y22: NA | Z22: NA | AA22: NA | AB22: NA | AC22: no | AD22: no
A23: BO1038 | B23: 15% treated rice ofall | C23: kg/day | D23: 2.81 | E23: 0.45 | F23: 175.8 | G23: 0.44 | H23: NA | I23: 3 | J23: Cattle | K23: Bunaji | L23: =IF(OR(J23="Cattle",J23="Zebu Cattle"),IF(COUNTIF(lists!$M$2:$M$258, K23) > 0,"bos.indicus",IF(COUNTIF(lists!$L$2:$L$258, K23) > 0,"cross.bred","pure.bred.exotic")),"NA") -> bos.indicus | O23: Unimproved Breed | P23: NA | Q23: adult.male | R23: intensive | S23: 208.7 | T23: 116.83 | U23: 122.85 | V23: 942.7 | W23: 36.31 | X23: 558.3 | Y23: NA | Z23: NA | AA23: NA | AB23: NA | AC23: no | AD23: no
A24: BO1038 | B24: 5% treated rice offal | C24: kg/day | D24: 2.69 | E24: 0.45 | F24: 164.9 | G24: 0.25 | H24: NA | I24: 3 | J24: Cattle | K24: Bunaji | L24: =IF(OR(J24="Cattle",J24="Zebu Cattle"),IF(COUNTIF(lists!$M$2:$M$258, K24) > 0,"bos.indicus",IF(COUNTIF(lists!$L$2:$L$258, K24) > 0,"cross.bred","pure.bred.exotic")),"NA") -> bos.indicus | O24: Unimproved Breed | P24: NA | Q24: adult.male | R24: intensive | S24: 233.6 | T24: 116.75 | U24: 116.97 | V24: 952.5 | W24: 34.2 | X24: 554.4 | Y24: NA | Z24: NA | AA24: NA | AB24: NA | AC24: no | AD24: no
A25: BO1052 | B25: 0% untreated WMV | C25: kg/day | D25: 16.7 | E25: NA | F25: NA | G25: NA | H25: 18.55 | J25: Cattle | K25: Holstien_Friesian | L25: =IF(OR(J25="Cattle",J25="Zebu Cattle"),IF(COUNTIF(lists!$M$2:$M$258, K25) > 0,"bos.indicus",IF(COUNTIF(lists!$L$2:$L$258, K25) > 0,"cross.bred","pure.bred.exotic")),"NA") -> pure.bred.exotic | O25: Improved Breeds | P25: Lactating Female | Q25: lactating.adult.female | R25: intensive | S25: 194 | T25: 98 | U25: 133 | V25: NA | W25: 29.4 | X25: 331.2 | Y25: 63.76 | Z25: NA | AA25: NA | AB25: NA | AC25: no | AD25: no
A26: BO1052 | B26: 100% treated WMV | C26: kg/day | D26: 16.3 | E26: NA | F26: NA | G26: NA | H26: 16.8 | J26: Cattle | K26: Holstien_Friesian | L26: =IF(OR(J26="Cattle",J26="Zebu Cattle"),IF(COUNTIF(lists!$M$2:$M$258, K26) > 0,"bos.indicus",IF(COUNTIF(lists!$L$2:$L$258, K26) > 0,"cross.bred","pure.bred.exotic")),"NA") -> pure.bred.exotic | O26: Improved Breeds | P26: Lactating Female | Q26: lactating.adult.female | R26: intensive | S26: 224 | T26: 98.3 | U26: 124 | V26: NA | W26: 29 | X26: 356 | Y26: 62.06 | Z26: NA | AA26: NA | AB26: NA | AC26: no | AD26: no
A27: BO1052 | B27: 25% treated WMV | C27: kg/day | D27: 16.7 | E27: NA | F27: NA | G27: NA | H27: 18.21 | J27: Cattle | K27: Holstien_Friesian | L27: =IF(OR(J27="Cattle",J27="Zebu Cattle"),IF(COUNTIF(lists!$M$2:$M$258, K27) > 0,"bos.indicus",IF(COUNTIF(lists!$L$2:$L$258, K27) > 0,"cross.bred","pure.bred.exotic")),"NA") -> pure.bred.exotic | O27: Improved Breeds | P27: Lactating Female | Q27: lactating.adult.female | R27: intensive | S27: 202 | T27: 97.9 | U27: 131 | V27: NA | W27: 29.2 | X27: 337.5 | Y27: 63.03 | Z27: NA | AA27: NA | AB27: NA | AC27: no | AD27: no
A28: BO1052 | B28: 50% treated WMV | C28: kg/day | D28: 16.6 | E28: NA | F28: NA | G28: NA | H28: 17.67 | J28: Cattle | K28: Holstien_Friesian | L28: =IF(OR(J28="Cattle",J28="Zebu Cattle"),IF(COUNTIF(lists!$M$2:$M$258, K28) > 0,"bos.indicus",IF(COUNTIF(lists!$L$2:$L$258, K28) > 0,"cross.bred","pure.bred.exotic")),"NA") -> pure.bred.exotic | O28: Improved Breeds | P28: Lactating Female | Q28: lactating.adult.female | R28: intensive | S28: 210 | T28: 99.7 | U28: 127 | V28: NA | W28: 29.1 | X28: 344.4 | Y28: 62.68 | Z28: NA | AA28: NA | AB28: NA | AC28: no | AD28: no
A29: BO1052 | B29: 75% treated WMV | C29: kg/day | D29: 16.3 | E29: NA | F29: NA | G29: NA | H29: 17.09 | J29: Cattle | K29: Holstien_Friesian | L29: =IF(OR(J29="Cattle",J29="Zebu Cattle"),IF(COUNTIF(lists!$M$2:$M$258, K29) > 0,"bos.indicus",IF(COUNTIF(lists!$L$2:$L$258, K29) > 0,"cross.bred","pure.bred.exotic")),"NA") -> pure.bred.exotic | O29: Improved Breeds | P29: Lactating Female | Q29: lactating.adult.female | R29: intensive | S29: 217 | T29: 98.3 | U29: 126 | V29: NA | W29: 29.2 | X29: 351 | Y29: 62.14 | Z29: NA | AA29: NA | AB29: NA | AC29: no | AD29: no
A30: BO1053 | B30: inoculated silage buffalo | C30: kg/day | D30: 15.99 | E30: NA | F30: NA | G30: NA | H30: 11.9 | I30: 10 | J30: Buffalo | K30: Unspecified | L30: =IF(OR(J30="Cattle",J30="Zebu Cattle"),IF(COUNTIF(lists!$M$2:$M$258, K30) > 0,"bos.indicus",IF(COUNTIF(lists!$L$2:$L$258, K30) > 0,"cross.bred","pure.bred.exotic")),"NA") -> NA | O30: Unspecified | P30: Postpartum Female | Q30: lactating.adult.female | R30: intensive | S30: NA | T30: 59.8 | U30: 251.5 | V30: 390 | W30: 4.3 | X30: NA | Y30: NA | Z30: NA | AA30: NA | AB30: NA
A31: BO1053 | B31: inoculated silage cattle | C31: kg/day | D31: 15.68 | E31: NA | F31: NA | G31: NA | H31: 27.8 | I31: 6 | J31: Cattle | K31: Unspecified | L31: =IF(OR(J31="Cattle",J31="Zebu Cattle"),IF(COUNTIF(lists!$M$2:$M$258, K31) > 0,"bos.indicus",IF(COUNTIF(lists!$L$2:$L$258, K31) > 0,"cross.bred","pure.bred.exotic")),"NA") -> bos.indicus | O31: Unspecified | P31: Postpartum Female | Q31: lactating.adult.female | R31: intensive | S31: NA | T31: 59.8 | U31: 251.5 | V31: 390 | W31: 4.3 | X31: NA | Y31: NA | Z31: NA | AA31: NA | AB31: NA | AC31: no | AD31: no
A32: BO1053 | B32: non-inoculated silage buffalo | C32: kg/day | D32: 15.21 | E32: NA | F32: NA | G32: NA | H32: 10.85 | I32: 10 | J32: Buffalo | K32: Unspecified | L32: =IF(OR(J32="Cattle",J32="Zebu Cattle"),IF(COUNTIF(lists!$M$2:$M$258, K32) > 0,"bos.indicus",IF(COUNTIF(lists!$L$2:$L$258, K32) > 0,"cross.bred","pure.bred.exotic")),"NA") -> NA | O32: Unspecified | P32: Postpartum Female | Q32: lactating.adult.female | R32: intensive | S32: NA | T32: 48.4 | U32: 82.1 | V32: 350 | W32: 19.8 | X32: NA | Y32: NA | Z32: NA | AA32: NA | AB32: NA
A33: BO1053 | B33: non-inoculated silage cattle | C33: kg/day | D33: 14.75 | E33: NA | F33: NA | G33: NA | H33: 25.5 | I33: 6 | J33: Cattle | K33: Unspecified | L33: =IF(OR(J33="Cattle",J33="Zebu Cattle"),IF(COUNTIF(lists!$M$2:$M$258, K33) > 0,"bos.indicus",IF(COUNTIF(lists!$L$2:$L$258, K33) > 0,"cross.bred","pure.bred.exotic")),"NA") -> bos.indicus | O33: Unspecified | P33: Postpartum Female | Q33: lactating.adult.female | R33: intensive | S33: NA | T33: 48.4 | U33: 82.1 | V33: 350 | W33: 19.8 | X33: NA | Y33: NA | Z33: NA | AA33: NA | AB33: NA | AC33: no | AD33: no
A34: BO1054 | B34: 0 PCK | C34: kg/day | D34: 8.4 | E34: 0.14 | F34: 247.6 | G34: 1.14 | H34: NA | I34: 4 | J34: Cattle | K34: Bunaji | L34: =IF(OR(J34="Cattle",J34="Zebu Cattle"),IF(COUNTIF(lists!$M$2:$M$258, K34) > 0,"bos.indicus",IF(COUNTIF(lists!$L$2:$L$258, K34) > 0,"cross.bred","pure.bred.exotic")),"NA") -> bos.indicus | O34: Unimproved Breed | P34: Bulls | Q34: growing.male | R34: intensive | S34: 277 | T34: 95.8 | U34: 112.3 | V34: NA | W34: 79 | X34: 444.2 | Y34: NA | Z34: NA | AA34: NA | AB34: NA | AC34: no | AD34: no
A35: BO1054 | B35: 10 PCK | C35: kg/day | D35: 8.75 | E35: 0.14 | F35: 257.9 | G35: 1.33 | H35: NA | I35: 4 | J35: Cattle | K35: Bunaji | L35: =IF(OR(J35="Cattle",J35="Zebu Cattle"),IF(COUNTIF(lists!$M$2:$M$258, K35) > 0,"bos.indicus",IF(COUNTIF(lists!$L$2:$L$258, K35) > 0,"cross.bred","pure.bred.exotic")),"NA") -> bos.indicus | O35: Unimproved Breed | P35: Bulls | Q35: growing.male | R35: intensive | S35: 307.2 | T35: 94.1 | U35: 111.94 | V35: NA | W35: 75.1 | X35: 490.6 | Y35: NA | Z35: NA | AA35: NA | AB35: NA | AC35: no | AD35: no
A36: BO1054 | B36: 20 PCK | C36: kg/day | D36: 8.2 | E36: 0.14 | F36: 253.7 | G36: 1.16 | H36: NA | I36: 4 | J36: Cattle | K36: Bunaji | L36: =IF(OR(J36="Cattle",J36="Zebu Cattle"),IF(COUNTIF(lists!$M$2:$M$258, K36) > 0,"bos.indicus",IF(COUNTIF(lists!$L$2:$L$258, K36) > 0,"cross.bred","pure.bred.exotic")),"NA") -> bos.indicus | O36: Unimproved Breed | P36: Bulls | Q36: growing.male | R36: intensive | S36: 294.7 | T36: 98.3 | U36: 136 | V36: NA | W36: 88.2 | X36: 457.8 | Y36: NA | Z36: NA | AA36: NA | AB36: NA | AC36: no | AD36: no
A37: BO1054 | B37: 30 PCK | C37: kg/day | D37: 8.49 | E37: 0.14 | F37: 256.3 | G37: 1.31 | H37: NA | I37: 4 | J37: Cattle | K37: Bunaji | L37: =IF(OR(J37="Cattle",J37="Zebu Cattle"),IF(COUNTIF(lists!$M$2:$M$258, K37) > 0,"bos.indicus",IF(COUNTIF(lists!$L$2:$L$258, K37) > 0,"cross.bred","pure.bred.exotic")),"NA") -> bos.indicus | O37: Unimproved Breed | P37: Bulls | Q37: growing.male | R37: intensive | S37: 342.9 | T37: 97.8 | U37: 131.9 | V37: NA | W37: 82.6 | X37: 552.2 | Y37: NA | Z37: NA | AA37: NA | AB37: NA | AC37: no | AD37: no
A38: BO1054 | B38: 40 PCK | C38: kg/day | D38: 8.36 | E38: 0.14 | F38: 250.8 | G38: 1.18 | H38: NA | I38: 4 | J38: Cattle | K38: Bunaji | L38: =IF(OR(J38="Cattle",J38="Zebu Cattle"),IF(COUNTIF(lists!$M$2:$M$258, K38) > 0,"bos.indicus",IF(COUNTIF(lists!$L$2:$L$258, K38) > 0,"cross.bred","pure.bred.exotic")),"NA") -> bos.indicus | O38: Unimproved Breed | P38: Bulls | Q38: growing.male | R38: intensive | S38: 381.2 | T38: 94.9 | U38: 108 | V38: NA | W38: 71.2 | X38: 563.9 | Y38: NA | Z38: NA | AA38: NA | AB38: NA | AC38: no | AD38: no
A39: BO1070 | B39: 0% V. amygdalina | C39: kg/day | D39: 0.4216 | E39: NA | F39: NA | G39: NA | H39: 3.34 | J39: Sheep | K39: Fogera | L39: =IF(OR(J39="Cattle",J39="Zebu Cattle"),IF(COUNTIF(lists!$M$2:$M$258, K39) > 0,"bos.indicus",IF(COUNTIF(lists!$L$2:$L$258, K39) > 0,"cross.bred","pure.bred.exotic")),"NA") -> NA | O39: Unimproved Breed | P39: Lactating Female | Q39: lactating.adult.female | R39: intensive | S39: NA | T39: NA | U39: NA | V39: NA | W39: NA | X39: NA | Y39: 62.76 | Z39: NA
A40: BO1070 | B40: 100% V. amygdalina | C40: kg/day | D40: 0.2664 | E40: NA | F40: NA | G40: NA | H40: 3.34 | J40: Sheep | K40: Fogera | L40: =IF(OR(J40="Cattle",J40="Zebu Cattle"),IF(COUNTIF(lists!$M$2:$M$258, K40) > 0,"bos.indicus",IF(COUNTIF(lists!$L$2:$L$258, K40) > 0,"cross.bred","pure.bred.exotic")),"NA") -> NA | O40: Unimproved Breed | P40: Lactating Female | Q40: lactating.adult.female | R40: intensive | S40: NA | T40: NA | U40: NA | V40: NA | W40: NA | X40: NA | Y40: 69.65 | Z40: NA
A41: BO1070 | B41: 25% V. amygdalina | C41: kg/day | D41: 0.421 | E41: NA | F41: NA | G41: NA | H41: 3.34 | J41: Sheep | K41: Fogera | L41: =IF(OR(J41="Cattle",J41="Zebu Cattle"),IF(COUNTIF(lists!$M$2:$M$258, K41) > 0,"bos.indicus",IF(COUNTIF(lists!$L$2:$L$258, K41) > 0,"cross.bred","pure.bred.exotic")),"NA") -> NA | O41: Unimproved Breed | P41: Lactating Female | Q41: lactating.adult.female | R41: intensive | S41: NA | T41: NA | U41: NA | V41: NA | W41: NA | X41: NA | Y41: 78.95 | Z41: NA
A42: BO1070 | B42: 50% V. amygdalina | C42: kg/day | D42: 0.4556 | E42: NA | F42: NA | G42: NA | H42: 3.34 | J42: Sheep | K42: Fogera | L42: =IF(OR(J42="Cattle",J42="Zebu Cattle"),IF(COUNTIF(lists!$M$2:$M$258, K42) > 0,"bos.indicus",IF(COUNTIF(lists!$L$2:$L$258, K42) > 0,"cross.bred","pure.bred.exotic")),"NA") -> NA | O42: Unimproved Breed | P42: Lactating Female | Q42: lactating.adult.female | R42: intensive | S42: NA | T42: NA | U42: NA | V42: NA | W42: NA | X42: NA | Y42: 81.85 | Z42: NA
A43: BO1070 | B43: 75% V. amygdalina | C43: kg/day | D43: 0.3727 | E43: NA | F43: NA | G43: NA | H43: 3.34 | J43: Sheep | K43: Fogera | L43: =IF(OR(J43="Cattle",J43="Zebu Cattle"),IF(COUNTIF(lists!$M$2:$M$258, K43) > 0,"bos.indicus",IF(COUNTIF(lists!$L$2:$L$258, K43) > 0,"cross.bred","pure.bred.exotic")),"NA") -> NA | O43: Unimproved Breed | P43: Lactating Female | Q43: lactating.adult.female | R43: intensive | S43: NA | T43: NA | U43: NA | V43: NA | W43: NA | X43: NA | Y43: 74.23 | Z43: NA
A44: BO1070 | B44: BhH | C44: kg/day | D44: 8.85 | E44: 0.56 | F44: 247.1 | G44: 0.627 | H44: 3.34 | I44: 4 | J44: Cattle | K44: Fogera | L44: =IF(OR(J44="Cattle",J44="Zebu Cattle"),IF(COUNTIF(lists!$M$2:$M$258, K44) > 0,"bos.indicus",IF(COUNTIF(lists!$L$2:$L$258, K44) > 0,"cross.bred","pure.bred.exotic")),"NA") -> bos.indicus | O44: Unimproved Breed | P44: Lactating Female | Q44: lactating.adult.female | R44: intensive | S44: 258.2 | T44: 172.1 | U44: 168.3 | V44: 866.6 | W44: NA | X44: 452.5 | Y44: 56.65 | Z44: 52.52 | AA44: 87.7 | AB44: 79.39 | AC44: no | AD44: no
A45: BO1070 | B45: NGH | C45: kg/day | D45: 8.1 | E45: 0.56 | F45: 245.1 | G45: 0.486 | H45: 2.71 | I45: 4 | J45: Cattle | K45: Fogera | L45: =IF(OR(J45="Cattle",J45="Zebu Cattle"),IF(COUNTIF(lists!$M$2:$M$258, K45) > 0,"bos.indicus",IF(COUNTIF(lists!$L$2:$L$258, K45) > 0,"cross.bred","pure.bred.exotic")),"NA") -> bos.indicus | O45: Unimproved Breed | P45: Lactating Female | Q45: lactating.adult.female | R45: intensive | S45: 302.3 | T45: 160.6 | U45: 147.8 | V45: 863.7 | W45: NA | X45: 483.6 | Y45: 54.24 | Z45: 54.24 | AA45: 80.6 | AB45: 74.12 | AC45: no | AD45: no
A46: BO1070 | B46: NPH | C46: kg/day | D46: 6.21 | E46: 0.56 | F46: 242.9 | G46: 0.326 | H46: 1.77 | I46: 4 | J46: Cattle | K46: Fogera | L46: =IF(OR(J46="Cattle",J46="Zebu Cattle"),IF(COUNTIF(lists!$M$2:$M$258, K46) > 0,"bos.indicus",IF(COUNTIF(lists!$L$2:$L$258, K46) > 0,"cross.bred","pure.bred.exotic")),"NA") -> bos.indicus | O46: Unimproved Breed | P46: Lactating Female | Q46: lactating.adult.female | R46: intensive | S46: 333 | T46: 107.5 | U46: 122.9 | V46: 901.2 | W46: NA | X46: 541.2 | Y46: 48.14 | Z46: 68.43 | AA46: 64.2 | AB46: 58.9 | AC46: no | AD46: no
A47: BO1070 | B47: TTS | C47: kg/day | D47: 7.71 | E47: 0.56 | F47: 244.5 | G47: 0.446 | H47: 2.34 | I47: 4 | J47: Cattle | K47: Fogera | L47: =IF(OR(J47="Cattle",J47="Zebu Cattle"),IF(COUNTIF(lists!$M$2:$M$258, K47) > 0,"bos.indicus",IF(COUNTIF(lists!$L$2:$L$258, K47) > 0,"cross.bred","pure.bred.exotic")),"NA") -> bos.indicus | O47: Unimproved Breed | P47: Lactating Female | Q47: lactating.adult.female | R47: intensive | S47: 304.1 | T47: 395.6 | U47: 158.1 | V47: 690.1 | W47: NA | X47: 492.5 | Y47: 52.89 | Z47: 55.04 | AA47: 79.6 | AB47: 71.47 | AC47: no | AD47: no
A48: BO1080 | B48: Diet 1 | C48: kg/day | D48: 7.36 | E48: 0.09 | F48: 247.8 | G48: NA | H48: NA | I48: 5 | J48: Cattle | K48: Begaria | L48: =IF(OR(J48="Cattle",J48="Zebu Cattle"),IF(COUNTIF(lists!$M$2:$M$258, K48) > 0,"bos.indicus",IF(COUNTIF(lists!$L$2:$L$258, K48) > 0,"cross.bred","pure.bred.exotic")),"NA") -> bos.indicus | O48: Unimproved Breed | P48: Bulls (2 years old) | Q48: growing.male | R48: intensive | S48: 307.8 | T48: 60.9 | U48: 95.1 | V48: NA | W48: NA | X48: 492.3 | Y48: NA | Z48: NA | AA48: NA | AB48: NA | AC48: no | AD48: no
A49: BO1080 | B49: Diet 2 | C49: kg/day | D49: 7.58 | E49: 0.09 | F49: 219.1 | G49: NA | H49: NA | I49: 5 | J49: Cattle | K49: Begaria | L49: =IF(OR(J49="Cattle",J49="Zebu Cattle"),IF(COUNTIF(lists!$M$2:$M$258, K49) > 0,"bos.indicus",IF(COUNTIF(lists!$L$2:$L$258, K49) > 0,"cross.bred","pure.bred.exotic")),"NA") -> bos.indicus | O49: Unimproved Breed | P49: Bulls (2 years old) | Q49: growing.all | R49: intensive | S49: 308.5 | T49: 66.3 | U49: 99.7 | V49: NA | W49: NA | X49: 493.8 | Y49: NA | Z49: NA | AA49: NA | AB49: NA | AC49: no | AD49: no
A50: BO1080 | B50: Diet 3 | C50: kg/day | D50: 7.86 | E50: 0.09 | F50: 252.7 | G50: NA | H50: NA | I50: 5 | J50: Cattle | K50: Begaria | L50: =IF(OR(J50="Cattle",J50="Zebu Cattle"),IF(COUNTIF(lists!$M$2:$M$258, K50) > 0,"bos.indicus",IF(COUNTIF(lists!$L$2:$L$258, K50) > 0,"cross.bred","pure.bred.exotic")),"NA") -> bos.indicus | O50: Unimproved Breed | P50: Bulls (2 years old) | Q50: growing.all | R50: intensive | S50: 320.4 | T50: 62.8 | U50: 94.2 | V50: NA | W50: NA | X50: 501.8 | Y50: NA | Z50: NA | AA50: NA | AB50: NA | AC50: no | AD50: no
A51: BO1080 | B51: Diet 4 | C51: kg/day | D51: 7.43 | E51: 0.09 | F51: 232.9 | G51: NA | H51: NA | I51: 5 | J51: Cattle | K51: Begaria | L51: =IF(OR(J51="Cattle",J51="Zebu Cattle"),IF(COUNTIF(lists!$M$2:$M$258, K51) > 0,"bos.indicus",IF(COUNTIF(lists!$L$2:$L$258, K51) > 0,"cross.bred","pure.bred.exotic")),"NA") -> bos.indicus | O51: Unimproved Breed | P51: Bulls (2 years old) | Q51: growing.all | R51: intensive | S51: 310.1 | T51: 61.2 | U51: 94.8 | V51: NA | W51: NA | X51: 492.3 | Y51: NA | Z51: NA | AA51: NA | AB51: NA | AC51: no | AD51: no
A52: CJ1003 | B52: Baobab | C52: kg/day | D52: 5.05 | E52: NA | F52: 206 | G52: 0.83 | H52: NA | I52: 10 | J52: Cattle | K52: Zebu | L52: =IF(OR(J52="Cattle",J52="Zebu Cattle"),IF(COUNTIF(lists!$M$2:$M$258, K52) > 0,"bos.indicus",IF(COUNTIF(lists!$L$2:$L$258, K52) > 0,"cross.bred","pure.bred.exotic")),"NA") -> bos.indicus | O52: Unimproved Breed | P52: Intact Finisher Male | Q52: adult.male | R52: intensive | S52: NA | T52: NA | U52: 155 | V52: NA | W52: 31 | X52: 417 | Y52: NA | Z52: NA | AA52: NA | AB52: NA | AC52: no | AD52: no
A53: CJ1003 | B53: Soybean | C53: kg/day | D53: 4.99 | E53: NA | F53: 209 | G53: 0.77 | H53: NA | I53: 10 | J53: Cattle | K53: Zebu | L53: =IF(OR(J53="Cattle",J53="Zebu Cattle"),IF(COUNTIF(lists!$M$2:$M$258, K53) > 0,"bos.indicus",IF(COUNTIF(lists!$L$2:$L$258, K53) > 0,"cross.bred","pure.bred.exotic")),"NA") -> bos.indicus | O53: Unimproved Breed | P53: Intact Finisher Male | Q53: adult.male | R53: intensive | S53: 94.766667 | T53: NA | U53: 156 | V53: 949.6 | W53: 28 | X53: 459 | Y53: NA | Z53: NA | AA53: NA | AB53: NA | AC53: no | AD53: no
A54: CJ1003 | B54: Vachellia | C54: kg/day | D54: 4.35 | E54: NA | F54: 195 | G54: 0.38 | H54: NA | I54: 10 | J54: Cattle | K54: Zebu | L54: =IF(OR(J54="Cattle",J54="Zebu Cattle"),IF(COUNTIF(lists!$M$2:$M$258, K54) > 0,"bos.indicus",IF(COUNTIF(lists!$L$2:$L$258, K54) > 0,"cross.bred","pure.bred.exotic")),"NA") -> bos.indicus | O54: Unimproved Breed | P54: Intact Finisher Male | Q54: adult.male | R54: intensive | S54: NA | T54: NA | U54: 152 | V54: NA | W54: 11 | X54: 462 | Y54: NA | Z54: NA | AA54: NA | AB54: NA | AC54: no | AD54: no
A55: CJ1006 | B55: R1 | C55: kg/day | D55: 15.9 | E55: NA | F55: NA | G55: NA | H55: 14.64 | I55: 5 | J55: Cattle | K55: Holstien_Friesian | L55: =IF(OR(J55="Cattle",J55="Zebu Cattle"),IF(COUNTIF(lists!$M$2:$M$258, K55) > 0,"bos.indicus",IF(COUNTIF(lists!$L$2:$L$258, K55) > 0,"cross.bred","pure.bred.exotic")),"NA") -> pure.bred.exotic | O55: Improved Breeds | P55: Lactating Female | Q55: lactating.adult.female | R55: intensive | S55: 82.8 | T55: 92.8 | U55: 118.6 | V55: 644.5 | W55: 24.5 | X55: NA | Y55: NA | Z55: NA | AA55: 66.65 | AB55: 68.9 | AC55: no | AD55: yes
A56: CJ1006 | B56: R2 | C56: kg/day | D56: 16.1 | E56: NA | F56: NA | G56: NA | H56: 15.94 | I56: 5 | J56: Cattle | K56: Holstien_Friesian | L56: =IF(OR(J56="Cattle",J56="Zebu Cattle"),IF(COUNTIF(lists!$M$2:$M$258, K56) > 0,"bos.indicus",IF(COUNTIF(lists!$L$2:$L$258, K56) > 0,"cross.bred","pure.bred.exotic")),"NA") -> pure.bred.exotic | O56: Improved Breeds | P56: Lactating Female | Q56: lactating.adult.female | R56: intensive | S56: 83.4 | T56: 94.4 | U56: 120.7 | V56: 644 | W56: 23.8 | X56: NA | Y56: NA | Z56: NA | AA56: 70.13 | AB56: 72.46 | AC56: no | AD56: yes
A57: CJ1006 | B57: R3 | C57: kg/day | D57: 15.89 | E57: NA | F57: NA | G57: NA | H57: 16.3 | I57: 5 | J57: Cattle | K57: Holstien_Friesian | L57: =IF(OR(J57="Cattle",J57="Zebu Cattle"),IF(COUNTIF(lists!$M$2:$M$258, K57) > 0,"bos.indicus",IF(COUNTIF(lists!$L$2:$L$258, K57) > 0,"cross.bred","pure.bred.exotic")),"NA") -> pure.bred.exotic | O57: Improved Breeds | P57: Lactating Female | Q57: lactating.adult.female | R57: intensive | S57: 86 | T57: 96 | U57: 122.8 | V57: 643.8 | W57: 23.2 | X57: NA | Y57: NA | Z57: NA | AA57: 69.73 | AB57: 72.03 | AC57: no | AD57: yes
A58: EM1012 | B58: T1 NSC | C58: kg/day | D58: 5.01 | E58: 0.19 | F58: NA | G58: NA | H58: 2.53 | I58: 4 | J58: Cattle | K58: Horro | L58: =IF(OR(J58="Cattle",J58="Zebu Cattle"),IF(COUNTIF(lists!$M$2:$M$258, K58) > 0,"bos.indicus",IF(COUNTIF(lists!$L$2:$L$258, K58) > 0,"cross.bred","pure.bred.exotic")),"NA") -> bos.indicus | O58: Unimproved Breed | P58: Adult Female | Q58: lactating.adult.female | R58: intensive | S58: NA | T58: NA | U58: NA | V58: NA | W58: NA | X58: NA | Y58: NA | Z58: NA | AA58: NA | AB58: NA | AC58: no | AD58: no
A59: EM1012 | B59: T2 FSF | C59: kg/day | D59: 5.88 | E59: 0.19 | F59: NA | G59: NA | H59: 2.89 | I59: 4 | J59: Cattle | K59: Horro | L59: =IF(OR(J59="Cattle",J59="Zebu Cattle"),IF(COUNTIF(lists!$M$2:$M$258, K59) > 0,"bos.indicus",IF(COUNTIF(lists!$L$2:$L$258, K59) > 0,"cross.bred","pure.bred.exotic")),"NA") -> bos.indicus | O59: Unimproved Breed | P59: Adult Female | Q59: lactating.adult.female | R59: intensive | S59: NA | T59: NA | U59: NA | V59: NA | W59: NA | X59: NA | Y59: NA | Z59: NA | AA59: NA | AB59: NA | AC59: no | AD59: no
A60: EM1012 | B60: T3 FSF | C60: kg/day | D60: 6.91 | E60: 0.19 | F60: NA | G60: NA | H60: 3.45 | I60: 4 | J60: Cattle | K60: Horro | L60: =IF(OR(J60="Cattle",J60="Zebu Cattle"),IF(COUNTIF(lists!$M$2:$M$258, K60) > 0,"bos.indicus",IF(COUNTIF(lists!$L$2:$L$258, K60) > 0,"cross.bred","pure.bred.exotic")),"NA") -> bos.indicus | O60: Unimproved Breed | P60: Adult Female | Q60: lactating.adult.female | R60: intensive | S60: NA | T60: NA | U60: NA | V60: NA | W60: NA | X60: NA | Y60: NA | Z60: NA | AA60: NA | AB60: NA | AC60: no | AD60: no
A61: EM1022 | B61: T0 Typha silage | C61: kg/day | D61: 5.16077 | E61: 30.3 | F61: 116.96 | G61: 0.31 | H61: NA | I61: 4 | J61: Cattle | K61: Rahaji | L61: =IF(OR(J61="Cattle",J61="Zebu Cattle"),IF(COUNTIF(lists!$M$2:$M$258, K61) > 0,"bos.indicus",IF(COUNTIF(lists!$L$2:$L$258, K61) > 0,"cross.bred","pure.bred.exotic")),"NA") -> bos.indicus | O61: Unimproved Breed | P61: Bulls | Q61: growing.male | R61: intensive | S61: 99.3 | T61: 92 | U61: 164 | V61: NA | W61: 9.4 | X61: 309 | Y61: NA | Z61: NA | AA61: NA | AB61: NA | AC61: no | AD61: no
A62: EM1022 | B62: T10 Typha silage | C62: kg/day | D62: 5.24935 | E62: 30.3 | F62: 121.7 | G62: 0.37 | H62: NA | I62: 4 | J62: Cattle | K62: Rahaji | L62: =IF(OR(J62="Cattle",J62="Zebu Cattle"),IF(COUNTIF(lists!$M$2:$M$258, K62) > 0,"bos.indicus",IF(COUNTIF(lists!$L$2:$L$258, K62) > 0,"cross.bred","pure.bred.exotic")),"NA") -> bos.indicus | O62: Unimproved Breed | P62: Bulls | Q62: growing.male | R62: intensive | S62: 96 | T62: 87 | U62: 171 | V62: NA | W62: 9.6 | X62: 302 | Y62: NA | Z62: NA | AA62: NA | AB62: NA | AC62: no | AD62: no
A63: EM1022 | B63: T20 Typha silage | C63: kg/day | D63: 5.4407 | E63: 30.3 | F63: 119.75 | G63: 0.36 | H63: NA | I63: 4 | J63: Cattle | K63: Rahaji | L63: =IF(OR(J63="Cattle",J63="Zebu Cattle"),IF(COUNTIF(lists!$M$2:$M$258, K63) > 0,"bos.indicus",IF(COUNTIF(lists!$L$2:$L$258, K63) > 0,"cross.bred","pure.bred.exotic")),"NA") -> bos.indicus | O63: Unimproved Breed | P63: Bulls | Q63: growing.male | R63: intensive | S63: 88.9 | T63: 84 | U63: 172 | V63: NA | W63: 10.2 | X63: 302 | Y63: NA | Z63: NA | AA63: NA | AB63: NA | AC63: no | AD63: no
A64: EM1022 | B64: T30 Typha silage | C64: kg/day | D64: 5.52496 | E64: 30.3 | F64: 119.9 | G64: 0.36 | H64: NA | I64: 4 | J64: Cattle | K64: Rahaji | L64: =IF(OR(J64="Cattle",J64="Zebu Cattle"),IF(COUNTIF(lists!$M$2:$M$258, K64) > 0,"bos.indicus",IF(COUNTIF(lists!$L$2:$L$258, K64) > 0,"cross.bred","pure.bred.exotic")),"NA") -> bos.indicus | O64: Unimproved Breed | P64: Bulls | Q64: growing.male | R64: intensive | S64: 85.3 | T64: 81 | U64: 173 | V64: NA | W64: 10.4 | X64: 301 | Y64: NA | Z64: NA | AA64: NA | AB64: NA | AC64: no | AD64: no
A65: EM1041 | B65: T1 NPH | C65: kg/day | D65: 8.23 | E65: 0.233 | F65: NA | G65: NA | H65: 6.58 | I65: 4 | J65: Cattle | K65: Unspecified Crossbreed | L65: =IF(OR(J65="Cattle",J65="Zebu Cattle"),IF(COUNTIF(lists!$M$2:$M$258, K65) > 0,"bos.indicus",IF(COUNTIF(lists!$L$2:$L$258, K65) > 0,"cross.bred","pure.bred.exotic")),"NA") -> cross.bred | O65: Hybridization or Cross Breeding | P65: Lactating Female | Q65: lactating.adult.female | R65: intensive | S65: 357.8 | T65: 92.7 | U65: 112.6 | V65: 914.9 | W65: NA | X65: 574.3 | Y65: NA | Z65: 130.7 | AA65: NA | AB65: 56.7 | AC65: no | AD65: no
A66: EM1041 | B66: T2 Untreated FMS | C66: kg/day | D66: 8.09 | E66: 0.233 | F66: NA | G66: NA | H66: 6.38 | I66: 4 | J66: Cattle | K66: Unspecified Crossbreed | L66: =IF(OR(J66="Cattle",J66="Zebu Cattle"),IF(COUNTIF(lists!$M$2:$M$258, K66) > 0,"bos.indicus",IF(COUNTIF(lists!$L$2:$L$258, K66) > 0,"cross.bred","pure.bred.exotic")),"NA") -> cross.bred | O66: Hybridization or Cross Breeding | P66: Lactating Female | Q66: lactating.adult.female | R66: intensive | S66: 338.2 | T66: 90 | U66: 107.1 | V66: 918.5 | W66: NA | X66: 566.4 | Y66: NA | Z66: 131 | AA66: NA | AB66: 58.8 | AC66: no | AD66: no
A67: EM1041 | B67: T3 EM2Treated FMS | C67: kg/day | D67: 9.5 | E67: 0.233 | F67: NA | G67: NA | H67: 8.1 | I67: 4 | J67: Cattle | K67: Unspecified Crossbreed | L67: =IF(OR(J67="Cattle",J67="Zebu Cattle"),IF(COUNTIF(lists!$M$2:$M$258, K67) > 0,"bos.indicus",IF(COUNTIF(lists!$L$2:$L$258, K67) > 0,"cross.bred","pure.bred.exotic")),"NA") -> cross.bred | O67: Hybridization or Cross Breeding | P67: Lactating Female | Q67: lactating.adult.female | R67: intensive | S67: 351.7 | T67: 88.7 | U67: 120 | V67: 800.9 | W67: NA | X67: 538.8 | Y67: NA | Z67: 127.1 | AA67: NA | AB67: 63.2 | AC67: no | AD67: no
A68: EM1041 | B68: T4 Urea Treated FMS | C68: kg/day | D68: 10.15 | E68: 0.233 | F68: NA | G68: NA | H68: 7.9 | I68: 4 | J68: Cattle | K68: Unspecified Crossbreed | L68: =IF(OR(J68="Cattle",J68="Zebu Cattle"),IF(COUNTIF(lists!$M$2:$M$258, K68) > 0,"bos.indicus",IF(COUNTIF(lists!$L$2:$L$258, K68) > 0,"cross.bred","pure.bred.exotic")),"NA") -> cross.bred | O68: Hybridization or Cross Breeding | P68: Lactating Female | Q68: lactating.adult.female | R68: intensive | S68: 323.2 | T68: 86.1 | U68: 140.9 | V68: 791.7 | W68: NA | X68: 557.3 | Y68: NA | Z68: 122.7 | AA68: NA | AB68: 63.6 | AC68: no | AD68: no
A69: EM1044 | B69: Control | C69: kg/day | D69: 17.32 | E69: NA | F69: NA | G69: NA | H69: NA | J69: Cattle | K69: Holstien_Friesian | L69: =IF(OR(J69="Cattle",J69="Zebu Cattle"),IF(COUNTIF(lists!$M$2:$M$258, K69) > 0,"bos.indicus",IF(COUNTIF(lists!$L$2:$L$258, K69) > 0,"cross.bred","pure.bred.exotic")),"NA") -> pure.bred.exotic | O69: Improved Breeds | P69: Lactating Female | Q69: lactating.adult.female | R69: intensive | S69: 354.1 | T69: 106.3 | U69: 103.2 | V69: 674.7 | W69: 22.8 | X69: 506 | Y69: 71.23 | Z69: NA | AA69: NA | AB69: NA | AC69: no | AD69: no
A70: EM1044 | B70: Exp 1 | C70: kg/day | D70: 16.39 | E70: NA | F70: NA | G70: NA | H70: NA | J70: Cattle | K70: Holstien_Friesian | L70: =IF(OR(J70="Cattle",J70="Zebu Cattle"),IF(COUNTIF(lists!$M$2:$M$258, K70) > 0,"bos.indicus",IF(COUNTIF(lists!$L$2:$L$258, K70) > 0,"cross.bred","pure.bred.exotic")),"NA") -> pure.bred.exotic | O70: Improved Breeds | P70: Lactating Female | Q70: lactating.adult.female | R70: intensive | S70: 346 | T70: 104.6 | U70: 112.2 | V70: 664.6 | W70: 22.3 | X70: 497.4 | Y70: 69.96 | Z70: NA | AA70: NA | AB70: NA | AC70: no | AD70: no
A71: EM1044 | B71: Exp 2 | C71: kg/day | D71: 17.28 | E71: NA | F71: NA | G71: NA | H71: NA | J71: Cattle | K71: Holstien_Friesian | L71: =IF(OR(J71="Cattle",J71="Zebu Cattle"),IF(COUNTIF(lists!$M$2:$M$258, K71) > 0,"bos.indicus",IF(COUNTIF(lists!$L$2:$L$258, K71) > 0,"cross.bred","pure.bred.exotic")),"NA") -> pure.bred.exotic | O71: Improved Breeds | P71: Lactating Female | Q71: lactating.adult.female | R71: intensive | S71: 346.9 | T71: 105.3 | U71: 115 | V71: 671 | W71: 20.9 | X71: 498.8 | Y71: 69.79 | Z71: NA | AA71: NA | AB71: NA | AC71: no | AD71: no
A72: EM1044 | B72: Exp 3 | C72: kg/day | D72: 16.61 | E72: NA | F72: NA | G72: NA | H72: NA | J72: Cattle | K72: Holstien_Friesian | L72: =IF(OR(J72="Cattle",J72="Zebu Cattle"),IF(COUNTIF(lists!$M$2:$M$258, K72) > 0,"bos.indicus",IF(COUNTIF(lists!$L$2:$L$258, K72) > 0,"cross.bred","pure.bred.exotic")),"NA") -> pure.bred.exotic | O72: Improved Breeds | P72: Lactating Female | Q72: lactating.adult.female | R72: intensive | S72: 345.6 | T72: 105.6 | U72: 118.5 | V72: 673.4 | W72: 20.2 | X72: 495.2 | Y72: 69.21 | Z72: NA | AA72: NA | AB72: NA | AC72: no | AD72: no
A73: EM1047 | B73: GH0 | C73: kg/day | D73: 4.99 | E73: 0.08 | F73: 188.4 | G73: 0.51 | H73: NA | I73: 5 | J73: Cattle | K73: Friesian***Bunaji | L73: =IF(OR(J73="Cattle",J73="Zebu Cattle"),IF(COUNTIF(lists!$M$2:$M$258, K73) > 0,"bos.indicus",IF(COUNTIF(lists!$L$2:$L$258, K73) > 0,"cross.bred","pure.bred.exotic")),"NA") -> cross.bred | O73: Hybridization or Cross Breeding | P73: Grower Female | Q73: growing.female | R73: intensive | S73: 469.16 | T73: 56.9 | U73: 82.37 | V73: 900.95 | W73: 106.09 | X73: 639.73 | Y73: NA | Z73: NA | AA73: NA | AB73: NA | AC73: no | AD73: no
A74: EM1047 | B74: GH25 | C74: kg/day | D74: 5.09 | E74: 0.08 | F74: 188.1 | G74: 0.42 | H74: NA | I74: 5 | J74: Cattle | K74: Friesian***Bunaji | L74: =IF(OR(J74="Cattle",J74="Zebu Cattle"),IF(COUNTIF(lists!$M$2:$M$258, K74) > 0,"bos.indicus",IF(COUNTIF(lists!$L$2:$L$258, K74) > 0,"cross.bred","pure.bred.exotic")),"NA") -> cross.bred | O74: Hybridization or Cross Breeding | P74: Grower Female | Q74: growing.female | R74: intensive | S74: 449.26 | T74: 69.11 | U74: 88.44 | V74: 940.07 | W74: 98.09 | X74: 636.78 | Y74: NA | Z74: NA | AA74: NA | AB74: NA | AC74: no | AD74: no
A75: EM1047 | B75: GH50 | C75: kg/day | D75: 4.54 | E75: 0.08 | F75: 182.9 | G75: 0.3 | H75: NA | I75: 5 | J75: Cattle | K75: Friesian***Bunaji | L75: =IF(OR(J75="Cattle",J75="Zebu Cattle"),IF(COUNTIF(lists!$M$2:$M$258, K75) > 0,"bos.indicus",IF(COUNTIF(lists!$L$2:$L$258, K75) > 0,"cross.bred","pure.bred.exotic")),"NA") -> cross.bred | O75: Hybridization or Cross Breeding | P75: Grower Female | Q75: growing.female | R75: intensive | S75: 473.31 | T75: 77.25 | U75: 86.22 | V75: 925.79 | W75: 80.95 | X75: 658.46 | Y75: NA | Z75: NA | AA75: NA | AB75: NA | AC75: no | AD75: no
A76: EM1047 | B76: GH75 | C76: kg/day | D76: 4.42 | E76: 0.08 | F76: 180.5 | G76: 0.3 | H76: NA | I76: 5 | J76: Cattle | K76: Friesian***Bunaji | L76: =IF(OR(J76="Cattle",J76="Zebu Cattle"),IF(COUNTIF(lists!$M$2:$M$258, K76) > 0,"bos.indicus",IF(COUNTIF(lists!$L$2:$L$258, K76) > 0,"cross.bred","pure.bred.exotic")),"NA") -> cross.bred | O76: Hybridization or Cross Breeding | P76: Grower Female | Q76: growing.female | R76: intensive | S76: 457.71 | T76: 106.9 | U76: 86.62 | V76: 932.29 | W76: 106.58 | X76: 649.84 | Y76: NA | Z76: NA | AA76: NA | AB76: NA | AC76: no | AD76: no
A77: EM1050 | B77: Treatment T1 | C77: kg/day | D77: 6.93 | E77: 0.02 | F77: 219.7 | G77: 0.5 | H77: NA | I77: 5 | J77: Cattle | K77: Bunaji | L77: =IF(OR(J77="Cattle",J77="Zebu Cattle"),IF(COUNTIF(lists!$M$2:$M$258, K77) > 0,"bos.indicus",IF(COUNTIF(lists!$L$2:$L$258, K77) > 0,"cross.bred","pure.bred.exotic")),"NA") -> bos.indicus | O77: Unimproved Breed | P77: Adult Male | Q77: adult.male | R77: intensive | S77: 345.82 | T77: 104.35 | U77: 140.45 | V77: 935.38 | W77: 59.12 | X77: 455.15 | Y77: NA | Z77: NA | AA77: NA | AB77: NA | AC77: no | AD77: no
A78: EM1050 | B78: Treatment T2 | C78: kg/day | D78: 7.16 | E78: 0.02 | F78: 224.7 | G78: 0.62 | H78: NA | I78: 5 | J78: Cattle | K78: Bunaji | L78: =IF(OR(J78="Cattle",J78="Zebu Cattle"),IF(COUNTIF(lists!$M$2:$M$258, K78) > 0,"bos.indicus",IF(COUNTIF(lists!$L$2:$L$258, K78) > 0,"cross.bred","pure.bred.exotic")),"NA") -> bos.indicus | O78: Unimproved Breed | P78: Adult Male | Q78: adult.male | R78: intensive | S78: 295.79 | T78: 62.55 | U78: 140.23 | V78: 931.95 | W78: 74.67 | X78: 433.63 | Y78: NA | Z78: NA | AA78: NA | AB78: NA | AC78: no | AD78: no
A79: EM1050 | B79: Treatment T3 | C79: kg/day | D79: 7.49 | E79: 0.02 | F79: 236.9 | G79: 0.88 | H79: NA | I79: 5 | J79: Cattle | K79: Bunaji | L79: =IF(OR(J79="Cattle",J79="Zebu Cattle"),IF(COUNTIF(lists!$M$2:$M$258, K79) > 0,"bos.indicus",IF(COUNTIF(lists!$L$2:$L$258, K79) > 0,"cross.bred","pure.bred.exotic")),"NA") -> bos.indicus | O79: Unimproved Breed | P79: Adult Male | Q79: adult.male | R79: intensive | S79: 279.25 | T79: 61.09 | U79: 140.67 | V79: 927.71 | W79: 77.88 | X79: 398.69 | Y79: NA | Z79: NA | AA79: NA | AB79: NA | AC79: no | AD79: no
A80: EM1050 | B80: Treatment T4 | C80: kg/day | D80: 7.57 | E80: 0.02 | F80: 238.2 | G80: 0.92 | H80: NA | I80: 5 | J80: Cattle | K80: Bunaji | L80: =IF(OR(J80="Cattle",J80="Zebu Cattle"),IF(COUNTIF(lists!$M$2:$M$258, K80) > 0,"bos.indicus",IF(COUNTIF(lists!$L$2:$L$258, K80) > 0,"cross.bred","pure.bred.exotic")),"NA") -> bos.indicus | O80: Unimproved Breed | P80: Adult Male | Q80: adult.male | R80: intensive | S80: 255.81 | T80: 56.02 | U80: 139.33 | V80: 926.53 | W80: 83.88 | X80: 406.58 | Y80: NA | Z80: NA | AA80: NA | AB80: NA | AC80: no | AD80: no
A81: EM1079 | B81: T1 | C81: kg/day | D81: 9.29 | E81: 0.022 | F81: 321.75 | G81: 0.175 | H81: 3.84 | I81: 4 | J81: Cattle | K81: Azawak | L81: =IF(OR(J81="Cattle",J81="Zebu Cattle"),IF(COUNTIF(lists!$M$2:$M$258, K81) > 0,"bos.indicus",IF(COUNTIF(lists!$L$2:$L$258, K81) > 0,"cross.bred","pure.bred.exotic")),"NA") -> bos.indicus | O81: Unimproved Breed | P81: Lactating Female | Q81: lactating.adult.female | R81: intensive | S81: 265.69 | T81: 60.7 | U81: 132.6 | V81: 899.46 | W81: 20.38 | X81: 438.14 | Y81: NA | Z81: 109.11 | AA81: NA | AB81: NA | AC81: no | AD81: no
A82: EM1079 | B82: T2 | C82: kg/day | D82: 9.35 | E82: 0.022 | F82: 324.62 | G82: 0.229 | H82: 3.86 | I82: 4 | J82: Cattle | K82: Azawak | L82: =IF(OR(J82="Cattle",J82="Zebu Cattle"),IF(COUNTIF(lists!$M$2:$M$258, K82) > 0,"bos.indicus",IF(COUNTIF(lists!$L$2:$L$258, K82) > 0,"cross.bred","pure.bred.exotic")),"NA") -> bos.indicus | O82: Unimproved Breed | P82: Lactating Female | Q82: lactating.adult.female | R82: intensive | S82: 260.48 | T82: 65.22 | U82: 137.29 | V82: 894.43 | W82: 21.12 | X82: 458.96 | Y82: NA | Z82: 117.79 | AA82: NA | AB82: NA | AC82: no | AD82: no
A83: EM1079 | B83: T3 | C83: kg/day | D83: 9.04 | E83: 0.022 | F83: 325 | G83: 0.231 | H83: 4 | I83: 4 | J83: Cattle | K83: Azawak | L83: =IF(OR(J83="Cattle",J83="Zebu Cattle"),IF(COUNTIF(lists!$M$2:$M$258, K83) > 0,"bos.indicus",IF(COUNTIF(lists!$L$2:$L$258, K83) > 0,"cross.bred","pure.bred.exotic")),"NA") -> bos.indicus | O83: Unimproved Breed | P83: Lactating Female | Q83: lactating.adult.female | R83: intensive | S83: 256.51 | T83: 63.72 | U83: 137.14 | V83: 894.91 | W83: 20.46 | X83: 420.19 | Y83: NA | Z83: 120.75 | AA83: NA | AB83: NA | AC83: no | AD83: no
A84: EM1079 | B84: T4 | C84: kg/day | D84: 9.32 | E84: 0.022 | F84: 325.5 | G84: 0.215 | H84: 3.7 | I84: 4 | J84: Cattle | K84: Azawak | L84: =IF(OR(J84="Cattle",J84="Zebu Cattle"),IF(COUNTIF(lists!$M$2:$M$258, K84) > 0,"bos.indicus",IF(COUNTIF(lists!$L$2:$L$258, K84) > 0,"cross.bred","pure.bred.exotic")),"NA") -> bos.indicus | O84: Unimproved Breed | P84: Lactating Female | Q84: lactating.adult.female | R84: intensive | S84: 270.42 | T84: 57.6 | U84: 134.96 | V84: 901.74 | W84: 20.26 | X84: 440.46 | Y84: NA | Z84: 114.04 | AA84: NA | AB84: NA | AC84: no | AD84: no
A85: EM1079 | B85: T5 | C85: kg/day | D85: 9.32 | E85: 0.022 | F85: 326 | G85: 0.206 | H85: 3.68 | I85: 4 | J85: Cattle | K85: Azawak | L85: =IF(OR(J85="Cattle",J85="Zebu Cattle"),IF(COUNTIF(lists!$M$2:$M$258, K85) > 0,"bos.indicus",IF(COUNTIF(lists!$L$2:$L$258, K85) > 0,"cross.bred","pure.bred.exotic")),"NA") -> bos.indicus | O85: Unimproved Breed | P85: Lactating Female | Q85: lactating.adult.female | R85: intensive | S85: 261.93 | T85: 59.24 | U85: 132.29 | V85: 907.14 | W85: 18.45 | X85: 429.03 | Y85: NA | Z85: 112.66 | AA85: NA | AB85: NA | AC85: no | AD85: no
A86: EM1083 | B86: Treatment T1 | C86: kg/day | D86: 1.73 | E86: 0.95 | F86: NA | G86: NA | H86: 3.27 | I86: 4 | J86: Cattle | K86: Unspecified Crossbreed | L86: =IF(OR(J86="Cattle",J86="Zebu Cattle"),IF(COUNTIF(lists!$M$2:$M$258, K86) > 0,"bos.indicus",IF(COUNTIF(lists!$L$2:$L$258, K86) > 0,"cross.bred","pure.bred.exotic")),"NA") -> cross.bred | O86: Hybridization or Cross Breeding | P86: Lactating Female | Q86: lactating.adult.female | R86: extensive | S86: NA | T86: NA | U86: NA | V86: NA | W86: NA | X86: NA | Y86: NA | Z86: NA | AA86: NA | AB86: NA | AC86: yes | AD86: no
A87: EM1083 | B87: Treatment T2 | C87: kg/day | D87: 11.47 | E87: 0.95 | F87: NA | G87: NA | H87: 6.26 | I87: 4 | J87: Cattle | K87: Unspecified Crossbreed | L87: =IF(OR(J87="Cattle",J87="Zebu Cattle"),IF(COUNTIF(lists!$M$2:$M$258, K87) > 0,"bos.indicus",IF(COUNTIF(lists!$L$2:$L$258, K87) > 0,"cross.bred","pure.bred.exotic")),"NA") -> cross.bred | O87: Hybridization or Cross Breeding | P87: Lactating Female | Q87: lactating.adult.female | R87: extensive | S87: NA | T87: NA | U87: NA | V87: NA | W87: NA | X87: NA | Y87: NA | Z87: NA | AA87: NA | AB87: NA | AC87: yes | AD87: no
A88: EM1083 | B88: Treatment T3 | C88: kg/day | D88: 9.53 | E88: 0.95 | F88: NA | G88: NA | H88: 4.44 | I88: 4 | J88: Cattle | K88: Unspecified Crossbreed | L88: =IF(OR(J88="Cattle",J88="Zebu Cattle"),IF(COUNTIF(lists!$M$2:$M$258, K88) > 0,"bos.indicus",IF(COUNTIF(lists!$L$2:$L$258, K88) > 0,"cross.bred","pure.bred.exotic")),"NA") -> cross.bred | O88: Hybridization or Cross Breeding | P88: Lactating Female | Q88: lactating.adult.female | R88: extensive | S88: NA | T88: NA | U88: NA | V88: NA | W88: NA | X88: NA | Y88: NA | Z88: NA | AA88: NA | AB88: NA | AC88: yes | AD88: no
A89: EM1084 | B89: Diet A | C89: kg/day | D89: 11.4 | E89: NA | F89: NA | G89: NA | H89: 8.26 | J89: Cattle | K89: Holstien_Friesian | L89: =IF(OR(J89="Cattle",J89="Zebu Cattle"),IF(COUNTIF(lists!$M$2:$M$258, K89) > 0,"bos.indicus",IF(COUNTIF(lists!$L$2:$L$258, K89) > 0,"cross.bred","pure.bred.exotic")),"NA") -> pure.bred.exotic | O89: Improved Breeds | P89: Lactating Female | Q89: lactating.adult.female | R89: extensive | S89: NA | T89: 94.8 | U89: 128 | V89: 908.8 | W89: 37.6 | X89: NA | Y89: NA | Z89: NA | AA89: NA | AB89: NA | AC89: no | AD89: no
A90: EM1084 | B90: Diet B | C90: kg/day | D90: 11.54 | E90: NA | F90: NA | G90: NA | H90: 8.504 | J90: Cattle | K90: Holstien_Friesian | L90: =IF(OR(J90="Cattle",J90="Zebu Cattle"),IF(COUNTIF(lists!$M$2:$M$258, K90) > 0,"bos.indicus",IF(COUNTIF(lists!$L$2:$L$258, K90) > 0,"cross.bred","pure.bred.exotic")),"NA") -> pure.bred.exotic | O90: Improved Breeds | P90: Lactating Female | Q90: lactating.adult.female | R90: extensive | S90: NA | T90: 90.5 | U90: 128.5 | V90: 914.5 | W90: 41.9 | X90: NA | Y90: NA | Z90: NA | AA90: NA | AB90: NA | AC90: no | AD90: no
A91: EM1084 | B91: Diet C | C91: kg/day | D91: 11.52 | E91: NA | F91: NA | G91: NA | H91: 8.845 | J91: Cattle | K91: Holstien_Friesian | L91: =IF(OR(J91="Cattle",J91="Zebu Cattle"),IF(COUNTIF(lists!$M$2:$M$258, K91) > 0,"bos.indicus",IF(COUNTIF(lists!$L$2:$L$258, K91) > 0,"cross.bred","pure.bred.exotic")),"NA") -> pure.bred.exotic | O91: Improved Breeds | P91: Lactating Female | Q91: lactating.adult.female | R91: extensive | S91: NA | T91: 1.4 | U91: 130.1 | V91: 910.6 | W91: 47.7 | X91: NA | Y91: NA | Z91: NA | AA91: NA | AB91: NA | AC91: no | AD91: no
A92: EM1084 | B92: Diet D | C92: kg/day | D92: 11.471 | E92: NA | F92: NA | G92: NA | H92: 9.028 | J92: Cattle | K92: Holstien_Friesian | L92: =IF(OR(J92="Cattle",J92="Zebu Cattle"),IF(COUNTIF(lists!$M$2:$M$258, K92) > 0,"bos.indicus",IF(COUNTIF(lists!$L$2:$L$258, K92) > 0,"cross.bred","pure.bred.exotic")),"NA") -> pure.bred.exotic | O92: Improved Breeds | P92: Lactating Female | Q92: lactating.adult.female | R92: extensive | S92: NA | T92: 98.4 | U92: 128.6 | V92: 914 | W92: 45.4 | X92: NA | Y92: NA | Z92: NA | AA92: NA | AB92: NA | AC92: no | AD92: no
A93: EM1098 | B93: Treatment T1 | C93: kg/day | D93: 2.8716667 | E93: NA | F93: 119.25 | G93: 0.67 | H93: NA | J93: Cattle | K93: Holstein***Friesian***Arsi | L93: =IF(OR(J93="Cattle",J93="Zebu Cattle"),IF(COUNTIF(lists!$M$2:$M$258, K93) > 0,"bos.indicus",IF(COUNTIF(lists!$L$2:$L$258, K93) > 0,"cross.bred","pure.bred.exotic")),"NA") -> cross.bred | O93: Hybridization or Cross Breeding | P93: Calf Male | Q93: growing.male | R93: intensive | S93: NA | T93: NA | U93: NA | V93: NA | W93: NA | X93: NA | Y93: NA | Z93: NA | AA93: NA | AB93: NA | AC93: no | AD93: no
A94: EM1098 | B94: Treatment T2 | C94: kg/day | D94: 2.6466667 | E94: NA | F94: 108.835 | G94: 0.56 | H94: NA | J94: Cattle | K94: Holstein***Friesian***Arsi | L94: =IF(OR(J94="Cattle",J94="Zebu Cattle"),IF(COUNTIF(lists!$M$2:$M$258, K94) > 0,"bos.indicus",IF(COUNTIF(lists!$L$2:$L$258, K94) > 0,"cross.bred","pure.bred.exotic")),"NA") -> cross.bred | O94: Hybridization or Cross Breeding | P94: Calf Male | Q94: growing.male | R94: intensive | S94: NA | T94: NA | U94: NA | V94: NA | W94: NA | X94: NA | Y94: NA | Z94: NA | AA94: NA | AB94: NA | AC94: no | AD94: no
A95: EM1098 | B95: Treatment T3 | C95: kg/day | D95: 2.7133333 | E95: NA | F95: 110.33 | G95: 0.52 | H95: NA | J95: Cattle | K95: Holstein***Friesian***Arsi | L95: =IF(OR(J95="Cattle",J95="Zebu Cattle"),IF(COUNTIF(lists!$M$2:$M$258, K95) > 0,"bos.indicus",IF(COUNTIF(lists!$L$2:$L$258, K95) > 0,"cross.bred","pure.bred.exotic")),"NA") -> cross.bred | O95: Hybridization or Cross Breeding | P95: Calf Male | Q95: growing.male | R95: intensive | S95: NA | T95: NA | U95: NA | V95: NA | W95: NA | X95: NA | Y95: NA | Z95: NA | AA95: NA | AB95: NA | AC95: no | AD95: no
A96: EM1101 | B96: DSBP 1 | C96: kg/day | D96: 20.43 | E96: 0.12 | F96: NA | G96: NA | H96: 32.21 | J96: Cattle | K96: Holstien_Friesian | L96: =IF(OR(J96="Cattle",J96="Zebu Cattle"),IF(COUNTIF(lists!$M$2:$M$258, K96) > 0,"bos.indicus",IF(COUNTIF(lists!$L$2:$L$258, K96) > 0,"cross.bred","pure.bred.exotic")),"NA") -> pure.bred.exotic | O96: Improved Breeds | P96: Lactating Female | Q96: lactating.adult.female | R96: intensive | S96: 182 | T96: 91.2 | U96: 169.3 | V96: 609.1 | W96: 36.8 | X96: 303.9 | Y96: NA | Z96: NA | AA96: 68.9 | AB96: 72.6 | AC96: no | AD96: no
A97: EM1101 | B97: DSBP 2 | C97: kg/day | D97: 20.39 | E97: 0.12 | F97: NA | G97: NA | H97: 33.71 | J97: Cattle | K97: Holstien_Friesian | L97: =IF(OR(J97="Cattle",J97="Zebu Cattle"),IF(COUNTIF(lists!$M$2:$M$258, K97) > 0,"bos.indicus",IF(COUNTIF(lists!$L$2:$L$258, K97) > 0,"cross.bred","pure.bred.exotic")),"NA") -> pure.bred.exotic | O97: Improved Breeds | P97: Lactating Female | Q97: lactating.adult.female | R97: intensive | S97: 189.9 | T97: 93.4 | U97: 170.1 | V97: 607.9 | W97: 34.4 | X97: 328.8 | Y97: NA | Z97: NA | AA97: 69.5 | AB97: 72.8 | AC97: no | AD97: no
A98: EM1101 | B98: YCG | C98: kg/day | D98: 20.47 | E98: 0.12 | F98: NA | G98: NA | H98: 30.66 | J98: Cattle | K98: Holstien_Friesian | L98: =IF(OR(J98="Cattle",J98="Zebu Cattle"),IF(COUNTIF(lists!$M$2:$M$258, K98) > 0,"bos.indicus",IF(COUNTIF(lists!$L$2:$L$258, K98) > 0,"cross.bred","pure.bred.exotic")),"NA") -> pure.bred.exotic | O98: Improved Breeds | P98: Lactating Female | Q98: lactating.adult.female | R98: intensive | S98: 174.2 | T98: 89.1 | U98: 168.6 | V98: 610.3 | W98: 39.1 | X98: 279.1 | Y98: NA | Z98: NA | AA98: 68.7 | AB98: 72.02 | AC98: no | AD98: no
A99: EO0041 | B99: PL22 | C99: kg/day | D99: 9.95 | E99: 0.035 | F99: 439 | G99: 0.29665 | H99: 11.3 | J99: Cattle | K99: Holstein***Friesian***Zebu | L99: =IF(OR(J99="Cattle",J99="Zebu Cattle"),IF(COUNTIF(lists!$M$2:$M$258, K99) > 0,"bos.indicus",IF(COUNTIF(lists!$L$2:$L$258, K99) > 0,"cross.bred","pure.bred.exotic")),"NA") -> cross.bred | O99: Hybridization or Cross Breeding | P99: NA | Q99: lactating.adult.female | R99: intensive | S99: NA | T99: NA | U99: NA | V99: NA | W99: NA | X99: NA | Y99: NA | Z99: NA | AA99: NA | AB99: NA | AC99: no | AD99: no
A100: EO0041 | B100: PL35 | C100: kg/day | D100: 9.28 | E100: 0.035 | F100: 434 | G100: 0.10947 | H100: 10.8 | J100: Cattle | K100: Holstein***Friesian***Zebu | L100: =IF(OR(J100="Cattle",J100="Zebu Cattle"),IF(COUNTIF(lists!$M$2:$M$258, K100) > 0,"bos.indicus",IF(COUNTIF(lists!$L$2:$L$258, K100) > 0,"cross.bred","pure.bred.exotic")),"NA") -> cross.bred | O100: Hybridization or Cross Breeding | P100: NA | Q100: lactating.adult.female | R100: intensive | S100: NA | T100: NA | U100: NA | V100: NA | W100: NA | X100: NA | Y100: NA | Z100: NA | AA100: NA | AB100: NA | AC100: no | AD100: no
...

Sheet Biblio
A1: B.Code | B1: B.Author.Last | C1: B.Date | D1: B.Journal | E1: B.New | F1: B.DOI | G1: B.Url | H1: B.Project
A2: BO1030 | B2: 0 | C2: 0 | D2: 0 | E2: NA | F2: NA | G2: NA | H2: ERA 2024 Livestock
A3: 0 | B3: 0 | C3: 0 | D3: 0 | E3: NA | F3: NA | G3: NA | H3: ERA 2024 Livestock
A4: HK0005 | B4: Abasiekong | C4: 1991 | D4: Archiv Fur Tierernahrung-Archives of Animal Nutrition | E4: No | F4: 10.1080/17450399109428459 | G4: NA | H4: Livestock Update 2022
A5: JS0292 | B5: Abatan | C5: 2015 | D5: Tropical Animal Health and Production | E5: No | F5: 10.1007/s11250-014-0695-1 | G5: NA | H5: Livestock Update 2022
A6: EM1104 | B6: Abd El-Mola | C6: 2019 | D6: Egyptian Journal of Animal Production | E6: NA | F6: 10.21608/ejap.2019.93005 | G6: NA | H6: ERA 2024 Livestock
A7: JS0118 | B7: Abd El-Rahman | C7: 2011 | D7: African Journal of Biotechnology | E7: No | F7: 10.5897/AJB11.1595 | G7: NA | H7: Livestock Update 2022
A8: JO1086 | B8: Abdelazem | C8: 2019 | D8: Research Journal of Animal and Veterinary Sciences | E8: NA | F8: 10.22587/rjavs.2019.11.1.1 | G8: NA | H8: ERA 2024 Livestock
A9: EM1054 | B9: Abdel-Raheem | C9: 2021 | D9: Saudi Journal of Biological Sciences | E9: NA | F9: 10.1016/j.sjbs.2021.04.037 | G9: NA | H9: ERA 2024 Livestock
A10: EM1005 | B10: Abdel-Rahman | C10: 2019 | D10: Journal of Animal Health and Production | E10: NA | F10: 10.17582/journal.jahp/2019/7.4.131.141 | G10: NA | H10: ERA 2024 Livestock
A11: JS0123 | B11: Abdel-Shafy | C11: 2011 | D11: Tropical Animal Health and Production | E11: No | F11: 10.1007/s11250-010-9696-x | G11: NA | H11: Livestock Update 2022
A12: JS0124 | B12: Abdel-Tawwab | C12: 2009 | D12: Aquaculture Research | E12: No | F12: 10.1111/j.1365-2109.2009.02195.x | G12: NA | H12: Livestock Update 2022
A13: JS0295 | B13: Abdel-Tawwab | C13: 2015 | D13: Aquaculture | E13: No | F13: 10.1016/j.aquaculture.2015.06.010 | G13: NA | H13: Livestock Update 2022
A14: NJ0003 | B14: Abdel-Tawwab | C14: 2018 | D14: Fish & Shellfish Immunology | E14: No | F14: 10.1016/j.fsi.2018.04.057 | G14: NA | H14: Livestock Update 2022
A15: JS0125 | B15: Abdel-Warith | C15: 2001 | D15: Aquaculture Research | E15: No | F15: 10.1046/j.1355-557x.2001.00053.x | G15: NA | H15: Livestock Update 2022
... A728: LR0001 | B728: Edgem | C728: 2026 | D728: Descover Applied Science | E728: NA | F728: https://doi.org/10.1007/s42452-026-09070-6 | G728: NA | H728: CLIFF-GRADS 2026
A729: LR0002 | B729: Kitaw | C729: 2010 | D729: East African Journal of Sciences | F729: NA | G729: NA | H729: CLIFF-GRADS 2026
A730: LR0003 | B730: Mekonin | C730: 2022 | D730: Animal: The international journal of animal biosciences | F730: https://doi.org/10.1016/j.animal.2022.100632 | G730: NA | H730: CLIFF-GRADS 2026
A731: LR0004 | B731: Mideksa | C731: 2016 | D731: Journal of Biology, Agriculture and Healthcare | F731: NA | G731: NA | H731: CLIFF-GRADS 2026
A732: LR0005 | B732: Acheampong_Bateng | C732: 2008 | D732: Tropical Animal Health and Producton | F732: 10.1007/s11250-007-9076-3 | G732: NA | H732: CLIFF-GRADS 2026
A733: LR0006 | B733: Goopy | C733: 2020 | D733: British Journal of Nutrition | F733: 10.1017/S0007114519003350 | G733: NA | H733: CLIFF-GRADS 2026
A734: LR0009 | B734: Erasmus and Botha | C734: 1994 | D734: Journal of Dairy Science | F734: NA | G734: NA | H734: CLIFF-GRADS 2026
A735: LR0010 | B735: Erasums and Prinsloo | C735: 1989 | D735: Journal of Dairy Science | F735: NA | G735: NA | H735: CLIFF-GRADS 2026
A736: LR0011 | B736: Gamedze | C736: 2024 | D736: Tropical Animal Health and Producton | F736: https://doi.org/10.1007/s11250-024-04226-1 | G736: NA | H736: CLIFF-GRADS 2026
A737: LR0012 | B737: Gbenou | C737: 2024a | D737: Animal: The international journal of animal biosciences | F737: https://doi.org/10.1016/j.animal.2024.101320 | G737: NA | H737: CLIFF-GRADS 2026
A738: LR0013 | B738: Gbenou | C738: 2024b | D738: Archives of Animal Nutrition | F738: https://doi.org/10.1080/1745039X.2024.2356326 | G738: NA | H738: CLIFF-GRADS 2026
A739: LR0014 | B739: Gbenou | C739: 2025 | D739: Veterinary and Animal Science | F739: https://doi.org/10.1016/j.vas.2025.100511 | G739: NA | H739: CLIFF-GRADS 2026
A740: LR0015 | B740: Gebrehawariat | C740: 2010 | D740: Tropical Animal Health and Producton | F740: 10.1007/s11250-010-9623-1 | G740: NA | H740: CLIFF-GRADS 2026
A741: LR0016 | B741: Kekana | C741: 2021a | D741: Journal of Dairy Science | F741: https://doi.org/10.3168/jds.2021-21535 | G741: NA | H741: CLIFF-GRADS 2026
A742: LR0017 | B742: Madziga | C742: 2026 | D742: Tropical Animal Health and Producton | F742: https://doi.org/10.1007/s11250-026-04974-2 | G742: NA | H742: CLIFF-GRADS 2026
A743: LR0018 | B743: Mekcha | C743: 2026 | D743: Scientific Report | F743: https://doi.org/10.1038/s41598-026-52674-6 | G743: NA | H743: CLIFF-GRADS 2026
A744: LR0019 | B744: Girmaud | C744: 1998 | D744: Animal Science | F744: NA | G744: http://journals.cambridge.org/abstract_S1357729800009784 | H744: CLIFF-GRADS 2026
A745: LR0020 | B745: Ngxumeshe | C745: 2025 | D745: Animals | F745: https://doi.org/10.3390/ani15172505 | G745: NA | H745: CLIFF-GRADS 2026
A746: LR0021 | B746: Rabatseta | C746: 2024 | D746: Tropical Animal Health and Producton | F746: https://doi.org/10.1007/s11250-024-03959-3 | G746: NA | H746: CLIFF-GRADS 2026
A747: LR0022 | B747: Shipandeni | C747: 2023 | D747: Journal of Animal Science | F747: https://doi.org/10.1093/jas/skad147 | G747: NA | H747: CLIFF-GRADS 2026
A748: LR0023 | B748: Slayi | C748: 2025 | D748: Frontiers in Veterinary Science | F748: 10.3389/fvets.2025.1513368 | G748: NA | H748: CLIFF-GRADS 2026
A749: LR0024 | B749: Smith | C749: 2006 | D749: Tropical Animal Health and Producton | F749: 10.1007/s11250-006-4342-3 | G749: NA | H749: CLIFF-GRADS 2026
A750: LR0025 | B750: Tayengwa | C750: 2020 | D750: Meat Science | F750: https://doi.org/10.1016/j.meatsci.2019.107969 | G750: NA | H750: CLIFF-GRADS 2026
A751: LR0026 | B751: Tayengwa | C751: 2021 | D751: Animal: The international journal of animal biosciences | F751: https://doi.org/10.1016/j.animal.2020.100020 | G751: NA | H751: CLIFF-GRADS 2026
A752: LR0027 | B752: van Wynagaard | C752: 2018 | D752: Journal of Dairy Science | F752: https://doi.org/10.3168/jds.2017-14327 | G752: NA | H752: CLIFF-GRADS 2026
A753: LR0028 | B753: Erasmus | C753: 1999 | D753: Journal of Dairy Science | F753: NA | G753: NA | H753: CLIFF-GRADS 2026
... A763: LR0038 | B763: Terefe | C763: 2021 | D763: Advances in Applied Sceinces | F763: 10.11648/j.aas.20210604.11 | G763: http://www.sciencepublishinggroup.com/j/aa | H763: CLIFF-GRADS 2026
A764: LR0039 | B764: Asimwe | C764: 2015a | D764: Tropical Animal Health and Producton | F764: https://doi.org/10.1007/s11250-015-0801-z | G764: NA | H764: CLIFF-GRADS 2026
A765: LR0040 | B765: Blaine | C765: 2011 | D765: Tropical Animal Health and Producton | F765: http://dx.doi.org/10.1016/j.livsci.2015.11.001 | G765: NA | H765: CLIFF-GRADS 2026
A766: LR0041 | B766: Chingala | C766: 2013 | D766: Tropical Animal Health and Producton | F766: 10.1007/s11250-013-0386-3 | G766: NA | H766: CLIFF-GRADS 2026
A767: LR0042 | B767: Chingala | C767: 2018 | D767: Tropical Animal Health and Producton | F767: https://doi.org/10.1007/s11250-018-1676-6 | G767: NA | H767: CLIFF-GRADS 2026
A768: LR0043 | B768: Du | C768: 2020 | D768: Animal Science Journal | F768: https://doi.org/10.1111/asj.13370 | G768: NA | H768: CLIFF-GRADS 2026
A769: LR0044 | B769: Gusha | C769: 2014 | D769: Tropical Animal Health and Producton | F769: 10.1007/s11250-013-0481-5 | G769: NA | H769: CLIFF-GRADS 2026
A770: LR0045 | B770: Madilindi | C770: 2022 | D770: Tropical Animal Health and Producton | F770: https://doi.org/10.1007/s11250-022-03275-8 | G770: NA | H770: CLIFF-GRADS 2026
A771: LR0046 | B771: Mushi | C771: 2020 | D771: Tropical Animal Health and Producton | F771: https://doi.org/10.1007/s11250-020-02346-y | G771: NA | H771: CLIFF-GRADS 2026
A772: LR0047 | B772: Ali | C772: 2019 | D772: Animals | F772: 10.3390/ani9050210 | G772: NA | H772: CLIFF-GRADS 2026
A773: LR0048 | B773: Anindo | C773: 1986 | D773: East African Agricultural and Forestry journal | F773: https://doi.org/10.1080/00128325.1986.11663503 | G773: NA | H773: CLIFF-GRADS 2026
A774: LR0049 | B774: Arega | C774: 2024 | D774: Global Research in Environment and Sustainability | F774: NA | G774: NA | H774: CLIFF-GRADS 2026
A775: LR0050 | B775: Barwani | C775: 2023 | D775: Livestock Research for Rural Development | F775: NA | G775: NA | H775: CLIFF-GRADS 2026
A776: LR0051 | B776: Kariuki | C776: 2021 | D776: South African Journal of Animal Science | F776: NA | G776: http://www.sasas.co.za/Sajas.html | H776: CLIFF-GRADS 2026
... A780: LR0057 | B780: Mideksa | C780: 2018 | D780: Basic Research Journal | F780: NA | G780: NA | H780: CLIFF-GRADS 2026
A781: LR0058 | B781: Mohammed | C781: 2024 | D781: Journal of Applied Animal Research | F781: https://doi.org/10.1080/09712119.2023.2290829 | H781: CLIFF-GRADS 2026
A782: LR0059 | B782: Mudavadi | C782: 2020 | D782: Asian Journal of Research in Animal and Veterinary Sciences | F782: NA | G782: NA | H782: CLIFF-GRADS 2026
A783: LR0060 | B783: Muinga | C783: 1992 | D783: Animal Production | F783: NA | G783: NA | H783: CLIFF-GRADS 2026
A784: LR0061 | B784: Hussien | C784: 2013 | D784: World's Veterinary Journal | F784: NA | G784: NA | H784: CLIFF-GRADS 2026
A785: LR0062 | B785: Senoue | C785: 2008 | D785: Revue d'Élevage et de Médecine Vétérinaire des Pays Tropicaux | F785: NA | G785: NA | H785: CLIFF-GRADS 2026
A786: LR0063 | B786: Shem | C786: 1995 | D786: Animal Science | F786: NA | G786: http://journals.cambridge.org/abstract_S1357729800008146 | H786: CLIFF-GRADS 2026
A787: LR0064 | B787: Sidebe-Anago | C787: 2008 | D787: Tropical Animal Health and Producton | F787: 10.1007/s11250-007-9125-y | G787: NA | H787: CLIFF-GRADS 2026
A788: LR0065 | B788: Teshome | C788: 2017 | D788: Journal of Biology, Agriculture and Healthcare | F788: NA | G788: NA | H788: CLIFF-GRADS 2026
A789: LR0066 | B789: Tona | C789: 2002 | D789: Tropical Journal of Animal Science | E789: NA | F789: NA | G789: NA | H789: CLIFF-GRADS 2026
A790: LR0067 | B790: Tsegaye | C790: 2024 | D790: Livestock Research for Rural Development | E790: NA | F790: NA | G790: NA | H790: CLIFF-GRADS 2026
A791: LR0068 | B791: Ledger | C791: 1970 | D791: Animal Production | E791: NA | F791: NA | G791: NA | H791: CLIFF-GRADS 2026
A792: LR0069 | B792: Mwilawa | C792: 2025 | D792: Pastoralism | F792: 10.3389/past.2025.15238 | G792: NA | H792: CLIFF-GRADS 2026
A793: LR0070 | B793: Ali | C793: 2025 | D793: Al-Azhar Journal of Agricultural Research | E793: NA | F793: NA | G793: NA | H793: CLIFF-GRADS 2026
A794: LR0071 | B794: Bassa | C794: 2016 | D794: Hydrolgy Current Research | E794: NA | F794: 10.4172/2157-7587.1000255 | G794: NA | H794: CLIFF-GRADS 2026
A795: LR0073 | B795: El-Zaiat | C795: 2022 | D795: Annals of Animal Science | E795: NA | F795: 10.2478/aoas-2021-0053 | G795: NA | H795: CLIFF-GRADS 2026
A796: LR0074 | B796: Gage | C796: 2022 | D796: International Journal of Livestock Research | E796: NA | F796: NA | G796: http://www.ijlr.org | H796: CLIFF-GRADS 2026
A797: LR0075 | B797: Girma | C797: 2015 | D797: Basic Research Journal of Agricultural Science and Review | E797: NA | F797: NA | G797: http//www.basicresearchjournals.org | H797: CLIFF-GRADS 2026
A798: LR0076 | B798: Kavishe | C798: 2017 | D798: Livestock Research for Rural Development | E798: NA | F798: NA | G798: NA | H798: CLIFF-GRADS 2026
A799: LR0077 | B799: Madziga | C799: 2013 | D799: International Journal of Life Science and Medical Research | E799: NA | F799: NA | G799: NA | H799: CLIFF-GRADS 2026
A800: LR0079 | B800: Tadesse | C800: 2024b | D800: Livestock Research for Rural Development | E800: NA | F800: NA | G800: NA | H800: CLIFF-GRADS 2026
A801: LR0080 | B801: Tadesse | C801: 2024a | D801: Livestock Research for Rural Development | E801: NA | F801: NA | G801: NA | H801: CLIFF-GRADS 2026
A802: LR0081 | B802: Mesfin | C802: 2004 | D802: Livestock Research for Rural Development | E802: NA | F802: NA | G802: NA | H802: CLIFF-GRADS 2026
A803: LR0082 | B803: Zerbini | C803: 1994 | D803: Livestock Research for Rural Development | E803: NA | F803: NA | G803: NA | H803: CLIFF-GRADS 2026
A804: LR0083 | B804: Tezera | C804: 2023 | D804: Livestock Research for Rural Development | E804: NA | F804: NA | G804: NA | H804: CLIFF-GRADS 2026
A805: LR0084 | B805: Tsegaye | C805: 2023 | D805: Livestock Research for Rural Development | E805: NA | F805: NA | G805: https://www.lrrd.org/lrrd35/5/3548kild.html | H805: CLIFF-GRADS 2026
A806: LR0085 | B806: Lyimo | C806: 2010 | D806: Livestock Research for Rural Development | E806: NA | F806: NA | G806: NA | H806: CLIFF-GRADS 2026
A807: LR0086 | B807: Mekasha | C807: 2013 | D807: Livestock Research for Rural Development | E807: NA | F807: NA | G807: NA | H807: CLIFF-GRADS 2026
A808: LR0087 | B808: Tekeba | C808: 2013 | D808: Livestock Research for Rural Development | E808: NA | F808: NA | G808: NA | H808: CLIFF-GRADS 2026
A809: LR0088 | B809: Tura | C809: 2024 | D809: Livestock Research for Rural Development | E809: NA | F809: NA | G809: NA | H809: CLIFF-GRADS 2026
A810: LR0089 | B810: Mekcha | C810: 2026 | D810: Scientific Report | E810: NA | F810: https://doi.org/10.1038/s41598-026-52674-6 | G810: NA | H810: CLIFF-GRADS 2026
A811: LR0090 | B811: Gebremariam | C811: 2020 | D811: Journal of Biology, Agriculture and Healthcare | E811: NA | F811: NA | G811: NA | H811: CLIFF-GRADS 2026
A812: LR0091 | B812: Terefe | C812: 2021 | D812: Livestock Research for Rural Development | E812: NA | F812: NA | G812: NA | H812: CLIFF-GRADS 2026
A813: LR0092 | B813: Terefe | C813: 2023 | D813: Ethiopian Journal of Agricultural Science | E813: NA | F813: NA | G813: NA | H813: CLIFF-GRADS 2026
... A828: LR0107 | B828: Ali | C828: 2018 | D828: Journal of animal physiology and animal nutrtiion | E828: NA | F828: 10.1111/jpn.13158 | G828: NA | H828: CLIFF-GRADS 2026
A829: LR0108 | B829: Asimwe | C829: 2015b | D829: Livestock Science | E829: NA | F829: http://dx.doi.org/10.1016/j.livsci.2015.11.001 | G829: NA | H829: CLIFF-GRADS 2026
A830: LR0109 | B830: Mrema | C830: 2022 | D830: Journal of Research in Agriculture and Animal Science | E830: NA | F830: NA | G830: www.questjournals.org | H830: CLIFF-GRADS 2026
A831: LR0110 | B831: Rogerson | C831: 1968 | D831: Animal Production | E831: NA | F831: NA | G831: NA | H831: CLIFF-GRADS 2026
A832: LR0111 | B832: Wassie | C832: 2019 | D832: Archives of Animal Nutrition | E832: NA | F832: https://doi.org/10.1080/1745039X.2019.1572343 | G832: NA | H832: CLIFF-GRADS 2026
A833: LR0112 | B833: Wondater | C833: 2023 | D833: Plus One | E833: NA | F833: https://doi.org/10.1371/journalpone.0282879 | G833: NA | H833: CLIFF-GRADS 2026
A834: LR0113 | B834: Abate | C834: 1981 | D834: Animal Feed Science and Technology | E834: NA | F834: https://doi.org/10.1016/0377-8401(81)90026-2 | G834: NA | H834: CLIFF-GRADS 2026
A835: LR0114 | B835: Abule | C835: 1995 | D835: Livestock Production Science | E835: NA | F835: https://doi.org/10.1016/0301-6226(95)00077-1 | G835: NA | H835: CLIFF-GRADS 2026
A836: LR0115 | B836: Assefa | C836: 2001 | D836: Animal Feed Science and Technology | E836: NA | F836: https://doi.org/10.1016/S0377-8401(01)00270-8 | G836: NA | H836: CLIFF-GRADS 2026
A837: LR0116 | B837: Bwire | C837: 1996 | D837: Livestock Production Science | E837: NA | F837: https://doi.org/10.1016/S0301-6226(96)00034-6 | G837: NA | H837: CLIFF-GRADS 2026
A838: LR0117 | B838: Erasmus | C838: 2005 | D838: Animal Feed Science and Technology | E838: NA | F838: 10.1016/j.anifeedsci.2005.03.004 | G838: NA | H838: CLIFF-GRADS 2026
...

Sheet lists
A1: Stages | B1: Production.systems | D1: All.breeds.sheep | E1: All.breeds.goat | F1: All.breeds.cattle | G1: Sheep.crossbred | H1: Sheep.indigenous | I1: Goats.crossbred | J1: Goats.indigenous | K1: Cattle.purebred.exotic | L1: Cattle.crossbred | M1: Cattle.bos.indicus | O1: grazing | P1: marker.method
A2: gestating.adult.female | B2: extensive | D2: {=_xlfn.UNIQUE(_xlfn._xlws.FILTER(feed_intake_raw!K2:K2978,feed_intake_raw!J2:J2978="Sheep"))} -> Unspecified | E2: {=_xlfn.UNIQUE(_xlfn._xlws.FILTER(feed_intake_raw!K2:K2978,feed_intake_raw!J2:J2978="Goat"))} -> West African Dwarf | F2: {=_xlfn.UNIQUE(_xlfn._xlws.FILTER(feed_intake_raw!K2:K2978,OR(feed_intake_raw!J2:J2978="Cattle",feed_intake_raw!J2:J2978="Zebu Cattle")))} -> Ankole Longhorn***Holstein Friesian | H2: Barki | J2: West African Dwarf | K2: Holstein-Friesian | L2: Ankole Longhorn***Holstein Friesian | M2: Zebu | O2: yes | P2: yes
A3: lactating.adult.female | B3: semi.intensive | D3: Fogera | E3: Abergelle | F3: Unspecified | J3: Red Sokoto | K3: Jersey | L3: Unspecified Crossbreed | M3: Unspecified | O3: no | P3: no
A4: non.gestating.adult.female | B4: intensive | D4: Barki | E4: Saanen | F4: Holstien_Friesian | K4: Simmental | L4: Arsi-Frisian cross | M4: Bunaji
A5: adult.male | D5: West African Dwarf | E5: Boer | F5: Unspecified Crossbreed | K5: Sussex red | L5: Friesian x Ankole crossbred | M5: Fogera
A6: adult.female | D6: Yankasa | E6: Unspecified | F6: Bunaji | K6: Hereford | L6: Arsi-Frisian cross | M6: Azawak
A7: adult.all | D7: Farta | E7: Arsi Bale | F7: Fogera | K7: Aberdeen Angus | L7: Friesian x Bunaji | M7: Borana & Arsi
A8: weaner | D8: Blackhead Ogaden | E8: Damascus | F8: Begaria | K8: Friesian and Ayrshire | L8: Holstein Friesian x Zebu (Arado) crossbred | M8: Zebu (Malawi )
A9: growing.male | D9: Dorper | E9: 55% Kamorai***30% Boer***15% East African indigenous | F9: Zebu | K9: Angus | L9: Boran x Friesian crossbred | M9: Horro
A10: growing.female | D10: Tigray Highland | E10: Zaraibi | F10: Horro | K10: Friesian***Ayrshire | L10: Holstein-Mashona crossbred | M10: Zebu (Ethiopia)
A11: growing.all | D11: Hararghe Highland | E11: Local Variety | F11: Rahaji | K11: Brown Swiss | L11: Boran x Friesian crossbred | M11: Harar
A12: adult.male.castrate | D12: Ossimi | E12: Woyto-Guji | F12: Friesian***Bunaji | K12: Baoule breed_B. taurus | L12: Friesian x Boran crossbred, | M12: Sudanese Fulani zebu
A13: growing.male.castrate | D13: Finn***Ossimi | E13: Pedi | F13: Azawak | K13: Holstein_Friesian | L13: Holstein-Friesian x Zebu crossbred | M13: Borana
A14: NA | D14: Horro | E14: Small East African | F14: Holstein***Friesian***Arsi | L14: 75% Friesian-Borana crossbred | M14: Horro
D15: Gumuz | E15: Somali | F15: Holstein***Friesian***Zebu | L15: Holstein Friesian x Boran | M15: Borana
D16: Oudah Rams | E16: Boer***Damascus | F16: Friesian x Baladi | L16: Bonsmara | M16: Bunaji
D17: Local Variety | E17: Red Sokoto | F17: Jersey | L17: Nguni * Bonsmara cross | M17: Rahaji
D18: 25% Dorper | E18: Central Highland | F18: Nguni | L18: Friesian x Boran | M18: Sokoto Gudali
D19: Timahdite | E19: Mashona Does | F19: Ankole***Friesian | L19: Bonsmara breed & Simmentaler x Beefmaster cross | M19: Sokoto
D20: Farafra | E20: 0% Kamorai***0% Boer***0% Small East African | F20: Friesian***Borana cross | L20: Boran x Friesian F1 | M20: Bunaji-Sokoto
D21: Arsi-bale | E21: Boran | F21: Tanzania Shorthorn Zebu | L21: Local x Holstein Friesian | M21: Tanzanian Short Horn Zebu
D22: Abergelle | E22: West African Long-legged | F22: 75% Friesian***25% Boran | L22: Crossbred | M22: Nguni
D23: Wogera | E23: NA | F23: Local Breeds Unspecified | L23: Boran X Friesian | M23: Tanzania_shorthorn zebu
D24: Doyogena | E24: Kamorai (0.55)***Boer (0.3)***East African indigenous (0.15) | F24: N'Dama | L24: Mixed breed | M24: Borgou
D25: Washera | E25: Small East African***Norwegian | F25: Sudan Baggara | L25: Holstein Friesian-Arsi cross | M25: Tanzanian Shorthorn Zebu
D26: Sardi | E26: Norwegian landrace***Local Tanzania cross breed | F26: Mpwapwa | L26: Friesian–Boran crossbred | M26: Bunaji
... D41: West African Djallonke | E41: Short-eared Somali | F41: Saanen | L41: Friesian x Boran crossbred | M41: Nguni
D42: Sudan Desert | F42: Boer | L42: Boran x Friesian/Jersey | M42: Tanzania Shorthorn Zebu
D43: Red Maasai | F43: Arsi Bale | L43: Mpwapwa/Mpwapwa crossbred | M43: Local Breeds Unspecified
D44: Ethiopian Menz | F44: Damascus | L44: Holstien * Borana cross | M44: N'Dama
D45: Arsi | F45: 55% Kamorai***30% Boer***15% East African indigenous | L45: Bos taurus x Bos indicus | M45: Sudan Baggara
D46: Simada | F46: Zaraibi | L46: Indigenous * exotics cross | M46: Mpwapwa
D47: Ethiopian Highland | F47: Local Variety | L47: Unspecified Crossbreed | M47: White Fulani
D48: Afar | F48: Woyto-Guji | L48: Holstein***Friesian***Arsi | M48: Hararghe highland
D49: South African Mutton Merino | F49: Pedi | L49: Holstein***Friesian***Zebu | M49: Peuhl Zebu cattle
D50: Kirdi | F50: Small East African | L50: Friesian x Baladi | M50: N'Dama
D51: Highland | F51: Somali | L51: Friesian***Borana cross | M51: Sudan Baggara
D52: Mutton Merino | F52: Boer***Damascus | L52: 75% Friesian***25% Boran | M52: Sahiwal
D53: Local Highland | F53: Red Sokoto | L53: Hereford***Sussex
D54: Oudah Bicolour | F54: Central Highland | L54: Bos indicus***Bos taurus
D55: Boer (0.5) | F55: Mashona Does | L55: Brangus
D56: Bonga | F56: 0% Kamorai***0% Boer***0% Small East African | L56: Ankole Longhorn***Holstein Friesian
F57: Boran | L57: Friesian***Zebu
F58: West African Long-legged | L58: Ankole***Jersey
F59: NA | L59: Bos taurus x Bos indicus crossbred
F60: Kamorai (0.55)***Boer (0.3)***East African indigenous (0.15) | L60: Fresian x Borena crossbred
F61: Small East African***Norwegian | L61: N'Dama x Holstein-Friesian crossbred
F62: Norwegian landrace***Local Tanzania cross breed | L62: N'Dama x Jersey crossbred
F63: Norwegian***Local Tanzania cross breed | L63: Ayrshire cross
F64: Tswana | L64: Crossbred (Zebu x Friesian)
F65: Sidama | L65: Friesian x Boran and Simmental x Boran
F66: Tunisian Native | L66: Friesian***Ayrshire
F67: Mubende | L67: Unidentified Crossbred
F68: Sokoto | L68: Friesian x Zebu crossbred
F69: Toggenburg***Saanen | L69: Boran - Jersey crossbred
F70: Boer***Galla
F71: Boer (0.5)
F72: Hararghe Highland
F73: German Alpine***Small East African
F74: Anglo***Nubian
F75: Baladi
F76: Nubian
F77: Short-eared Somali
F78: Barki
F79: Yankasa
F80: Farta
F81: Blackhead Ogaden
... F219: Jersey
F220: 0
P1382: NA

Sheet variable_coverage
A1: Variable | B1: Coverage_%
A2: A.Level.Name | B2: 99.941383
A3: feed_intake_unit | B3: 100
A4: feed_intake_value | B4: 100
A5: feed_intake_error | B5: 80.187573
A6: bw_kg | B6: 54.161782
A7: adg_g_day | B7: 57.385698
A8: milk_kg_day | B8: 9.96483
A9: T.Animals | B9: 98.358734
A10: Species | B10: 98.76905 | G10: =472/54 -> 8.7407407
A11: Variety | B11: 99.589683 | G11: =369.34/61 -> 6.0547541
A12: P.Practice | B12: 99.82415
A13: Stage | B13: 26.025791
A14: ADF_nutrition | B14: 26.846424
A15: ADL_nutrition | B15: 12.719812
A16: Ash_nutrition | B16: 34.173505
A17: CF_nutrition | B17: 1.1137163
A18: CFbr_nutrition | B18: 9.144197
A19: CFibre_nutrition | B19: 17.878077
A20: CH_nutrition | B20: 1.7584994
A21: CN_nutrition | B21: 0
A22: CP_nutrition | B22: 49.47245
A23: CT_nutrition | B23: 0.46893318
... A104: Protein_digest | B104: 1.4654162
